,id,date,Score,comment,mscore
0,Aaliyah,2,1.0,"プログラミングは正直苦手ですが、引き続き、なんとか問題を解けるように頑張っていこうと思います。

よろしくお願いします。

(確認なのですが、AOJは昨年のアカウントを、今年の仕様に設定変更したもので大丈夫ですか?もし、別の新しいアカウントが良い場合は、ご連絡くださると幸いです。)",1
1,Aaliyah,3,1.0,借金の問題で一旦やる気を無くしましたが、ひとまず飛ばして先に進んでいます。いままでやってきたプログラミングの発想が役に立っていて、解けると楽しいです。,1
2,Aaliyah,5,1.0,わからない問題が2問解決できたので、進歩できたと思います。,1
3,Aaliyah,6,-1.0,"難しくなってきて、正直少し嫌になってきましたが、自分で立てた最低限の目標はクリアしたいと思います...。

(最近キットカットの塩レモンが美味しすぎて困ってます。先生もぜひ。笑)",1
4,Aaliyah,7,-1.0,"Aojだけでなく他の授業の課題もどんどん難しくなってきて、八方塞がりです。

なんとかしたいと思います。",1
5,Aaliyah,8,-1.0,"文法の種類は揃ってきた感覚はありますが、問題に応じてどの構成にするかの発想を先週ぐらいから問われてきていて、つらいです。

いい加減で答えを見てみて、偏った文法の使い方をしないようにしたいです。",1
6,Aaliyah,10,1.0,文字列は苦戦してやり残した問題があるので、今週一週間は戻ってみようと思います。整数と数値計算のフェーズが、単純なはずなのに挫折しそうなので、調べながら解いていきたいです。,-1
7,Aaliyah,12,0.0,中学生の時くらいから、ディープラーニングは交通やコミュニケーションに使われているのは知っていましたが、私からすると、ブラックボックスみたいでわかりにくい印象でした。でも、人がアルゴリズム化できないものを学習していくプログラムを設計したと考えると、まだまだの私が分からなくて当然だと思いました。少しでも理解できるように、なりたいです。,1
8,Aaliyah,13,0.0,極限はプログラミングするのが面倒かと思いきや、ちゃんと記号が用意されていて安心しました。レポートやってみます。,-1
9,Abigail,2,1.0,"自分のペースで進められるのは良いです。

AOJで今のところ疑問に思っている点はないです。

ただ、先生の解いた問題の見方がわからなかったです。",1
10,Abigail,5,1.0,なかなか難しいですが、ネットで調べたり、参考書を見たりしてなんとかできてます。,1
11,Abigail,6,-1.0,進まなくなってきました...,1
12,Abigail,7,-1.0,家で梅シロップ作って、梅ジュース飲みました!!,1
13,Abigail,8,-1.0,"なかなかやる気が起きません、、



この前、梅シロップを作りましたが、今度は梅干し漬けます。",1
14,Abigail,9,-1.0,"今週も全然やらなかったです、、

頑張って進めます。",1
15,Abigail,10,1.0,"数問だけ進めました。

最近、ほとんどやってなかったので自分を褒めてます。

少しずつでいいので進めて行きたいです。",0
16,Adalyn,3,-1.0,課題頑張ります,-1
17,Adalyn,3,-1.0,課題頑張ります,-1
18,Adalyn,5,1.0,2年生の復習にもなった,-1
19,Adalyn,5,1.0,復習になった,-1
20,Adalyn,6,-1.0,formatの理解が難しかった,-1
21,Adalyn,6,-1.0,formatの理解が難しかった,-1
22,Adalyn,7,-1.0,特になし,-1
23,Adalyn,7,-1.0,特になし,-1
24,Adalyn,8,0.0,"「プログラミングの上達コツ」は意外と気がつかないようなポイントを教えてくれた。

1. コーディング力で解く

2. 数学力で解く

3. アルゴリズム力で解く

4. ライブラリ力(知識力)で解く

この4つがプログラムを解く上で大事にしなければならない項目であり、常に心がけていきたい。",-1
25,Adalyn,8,0.0,まず大事なのは自分で書いたコードが自分でも理解しやすいか、シンプルでわかりやすいか、このようなことを頭に入れておくべきだと感じました。わからないなら調べて他の人であればどのようなコードを書くか、どのように考えるかを参考にするのもプログラムを学習する上で大切なとだと感じました。,-1
26,Adalyn,9,0.0,配列の宣言は、要素の型 配列名[要素数] という形で行われる。,-1
27,Adalyn,12,0.0,基礎が抜けてしまっていたので、過去の知識もしっかり復習したいと思います,-1
28,Adalyn,14,1.0,チェスボードの問題は友達と説いていて楽しかった,1
29,Adalyn,14,0.0,チェスの問題,1
30,Adalynn,1,1.0,初めてなので一人でやるのは難しそうですが、頑張ればできそうです。,1
31,Adalynn,4,1.0,周りの友達の進みがとてもはやくて少し焦りました。,1
32,Adalynn,6,1.0,みんなより遅れているようなので頑張ります,1
33,Adalynn,7,0.0,就活心配です。,1
34,Adalynn,8,-1.0,やる気が起きる方法を教えて欲しいです。,1
35,Adalynn,10,0.0,私より進んでいない人が見当たらなくなって悲しいです,1
36,Adalynn,12,-1.0,単位とれるように頑張ります!,1
37,Adalynn,13,0.0,空きコマを気にしなくていいし昼食代が浮くので、個人的には後期もオンライン授業だと嬉しいです。,1
38,Adalynn,14,0.0,自分ではしっかり理解して組んだつもりでもエラーメッセージが出ることが多く、長方形の中の円の問題は特にそうでした。,1
39,Addison,1,1.0,"練習時間を記録しているとのことでしたが、paiza.ioでプログラミングしたものをコピペすると練習時間が短くなってしまいます。AOJ上で直接書き込まないといけないということでしょうか?

Slackの使い方がよく分かりません。質問に制度について、学生が質問を投稿し、それに答えるとAC換算され、成績に反映されるのでしょうか?",1
40,Addison,3,1.0,AOJは難しい問題もありますが、ACが出ると嬉しくてプログラミングも楽しいと感じることができます。,1
41,Addison,4,1.0,自分のペースで進めています,-1
42,Addison,6,0.0,今週はあまり進みませんでした,-1
43,Addison,7,-1.0,AOJを進めていくうちに、問題が難しくなっていて時間がかかるようになりました。,-1
44,Addison,8,-1.0,コッホ曲線、再帰関数で行き詰まってからあまり進んでいません。。,-1
45,Addison,9,-1.0,あまり進まないので、目標を立てて進めようと思います。,-1
46,Addison,10,-1.0,久しぶりにやったら忘れている事等があって、継続が大切だなと思いました。,-1
47,Adeline,3,0.0,特にないです。半年間よろしくお願いします,1
48,Adeline,5,1.0,目白祭について色々話が聞けてよかったです。みんなの進み具合が予想以上でビックリしました。,1
49,Adeline,7,1.0,"就職、インターンに関する話、とても勉強になりました。有難うございます

また、先週ぶんの対応もありがとうございました。",1
50,Adeline,8,0.0,"本当にわからなくなったときはチートシートを使ってみようと思います

皆のグルメとか映画の雑談楽しいです。

来週で折り返しなのでそろそろ本腰いれてみじん切りから卒業してフライパンあたりにいかきゃなと思いつつ、やることが多くて全然できません......",1
51,Adeline,10,1.0,"昨日は比較的数がこなせたので良かったです

てふさん達とお話ししながらできる時間が楽しいです",1
52,Adeline,12,-1.0,"3限後半から4限頭はサーティーワンの話で盛り上がりました。

先生が好きなフレーバーは何ですか?



4限中の話ですが、ヴァイオリンを嗜んでいるものとしては、あきのぶさんとその話もできて嬉しかったです



AOJですが、小松さんに頼らずとも成績がとれるように頑張りたいと思います......アルゴリズムを図に書いてみてから組み立てる大切さをようやく痛感しました",1
53,Adeline,13,0.0,"今日は最初に取りかかってた問題で腑に落ちない点があったのですが、友人のおかげで助かりました。今日はてふさんとお話しできなかったのが寂しかったです。

4限の話にはなりますが、多分今の高3(73回生)とのつながりが強いのは今の1年生(元72回生)だと思います。今年は比較的多くの内部生が1年生にいた気がします。(確か西島さんと別の部活(富岡さんと同じ方)の後輩が今年この学科にきていた様な気がします)

授業内容は比較的とっつきやすかったり、興味を持ってもらえる様なものの様なものが良いのかな、と思います。

「アルゴリズムとは何か、日常で使われてるアルゴリズム、日常のプログラミングが使用されているもの」みたいな内容は如何ですか?HTMLの基礎のコードは1年の内容で触れているはずです。(CSSは3年の選択の情報で触れます)

あとは横田先生寄りですが、センサとロボットに関してもブロックプログラミングはやってはいるはずなのでそこからアルゴリズムについて触れるとかもアリですね。情報の柴田先生とかに授業内容は確認とったほうが確実かもしれません。

富岡さんが昔所属していたロボット研究部の子を引き入れられたら強いのかな、とは思います。



高校時代の横田先生の講義資料プリントを発見しましたので後でお送りします。概要だけ先に説明しますと、学科の説明をした後、センシングコンピュータについてお話しされていました。",1
54,Alana-Rose,2,1.0,"資料が面白く、腹筋が割れました。特にタイトルがニャンちゅうみたいでよかったです。

自宅待機で弱った筋肉が喜んでいます。

たくさんお金が欲しいので、AOJ頑張ろうと思います。",-1
55,Alana-Rose,4,0.0,今週の格付けチェック面白かったですね。,1
56,Alana-Rose,5,1.0,"2週目に0問しか説いてなかったのでその後一気に16問解いたのですが、勢いよく解きすぎて不正しているみたいになりました。悲しいです。



最初、秋信さんがどなたか分からず、「kusaに入れられてかわいそう」と舐めた口をきいてしまったので、毎日心の中で懺悔しています。",1
57,Alana-Rose,7,1.0,"深夜1時過ぎに先生がAOJを巡回しているところを目撃しました。



Slackでみんなの進捗が見たいです。",1
58,Alana-Rose,8,0.0,ジャイアントカプリコが好きで自粛中ずっと食べています。あれは食べる麻薬です。おすすめです。,1
59,Alana-Rose,10,-1.0,"最近、AOJにログインする度「Hi, Pasta! Welcome to AOJ! hahaha」みたいに歓迎されるだけで腹が立ってきます。



先生が普段やる気を出すために行われているおすすめの行動や物など教えてください。何もする気になれなくて困っています。お願いします。",0
60,Alana-Rose,12,-1.0,皆優秀すぎてしんどいです。私もいいところに勤めてたのしい生活がしたいです。倉光先生から見たよいIT企業ってどんなところか教えてほしいです。悩める大学生にアドバイスをください。お願いします。,1
61,Alana-Rose,13,0.0,"後期もオンラインになって嬉しさもありますが、通信制と錯覚しそうで悲しいです。

バイト先の塾は普通に密で授業しているので、なんだか不思議です。でも通学のために毎朝缶詰電車に乗るのは嫌なのでやはりありがたいかもしれません。

インターン先からも「中止です」と電話が入りました。困ったものです。

目白祭が終わったら自主的に何か研究(笑)をしたいと思っていたのですが、こんな状況では厳しそうなので、何だかなという気持ちです。

他にも、やっと大学の設備を色々利用できるくらい授業にゆとりがでてきたのに1年間活用できないことは悔しいです。

文句をたれても仕方がないので、今日は鮭とば片手にビールを流し込もうと思います。",-1
62,Alana-Rose,14,0.0,"Hello Worldのプログラムが世界に挨拶をしていて印象的でした。

役に立ちそうなのはたくさんありすぎて絞れません。

この講義を通して覚えたことは、主に計算やめんどくさい文字列の検索などによく使っています。

人間に任せるとミスするので、とても役に立っています。",-1
63,Alice,3,1.0,とても分かり易かったです。,1
64,Alice,5,-1.0,今週は少し慣れてきて気が緩んでしまい、あまり進まなかったので、気を引き締めて進めていきたいと思います。,1
65,Alice,6,-1.0,Pythonをやる時間がどんどん短くなっているので1日最低でも1問は解く習慣を身につけたいです。,1
66,Alice,7,-1.0,特にありません。,-1
67,Alice,8,-1.0,真面目に他に課題とバイトと両立が難しくバイトが始まる前にできていたことができなくなりました。隙間時間を作って進めていこうと思います。,-1
68,Alice,9,-1.0,時間をなかなか作れない自分が嫌いになります。,-1
69,Alice,10,-1.0,明日絶対1問はやってから寝る宣言をします!!!,-1
70,Alina,3,-1.0,頑張ります!!!!!!,1
71,Alina,5,-1.0,頑張ります!!!!!!!!!,1
72,Alina,6,-1.0,私も美味しいモンブランが食べたいです。,1
73,Alina,7,-1.0,頑張ります!!!!!!!!!,-1
74,Alina,10,-1.0,怠けてきちゃう時期なので今まで通りコツコツ頑張ります!!!泣,-1
75,Alina,12,-1.0,"授業回数残り半分を切ったので残りも頑張ります。



まだ奥さんと仲がよさそうですが、ずっと好きでいられるコツはありますか?

私は恋愛ができません。助言お願いします。",-1
76,Aliyah,3,1.0,不安が多いですががんばっていきたいです,1
77,Aliyah,5,1.0,なかなか進んでないのですが、理解しながら丁寧にできているので、もう少しスピードを上げて頑張りたいです。,0
78,Aliyah,6,1.0,みんな早いから焦りますねえ、、,1
79,Aliyah,7,0.0,アイス食べながら授業受けてました暑い毎日、、,-1
80,Aliyah,8,-1.0,やる気が損なわれています、、が頑張ります(笑),-1
81,Aliyah,10,-1.0,テストにも課題にも就活にも追われてて辛いです、、,-1
82,Aliyah,12,-1.0,ついていけなくなりそうなのでちゃんと頑張ります、、,1
83,Aliyah,13,1.0,今週と来週詰め込みで頑張ります...追いついてないです,1
84,Aliyah,14,0.0,"九九

なにかに応用できそうだなと思った",1
85,Allison,3,1.0,新しいものばかりで中々慣れませんが、回数をこなして少しずつ慣れていこうと思います。,1
86,Allison,5,-1.0,AOJを最近できていなかったので今週挽回します。,-1
87,Allison,6,-1.0,できるだけ差が開かないように進めます。,-1
88,Allison,7,1.0,"今回zoomが毎回配信されていること、どこで配信されているのか、がやっとわかったのでこれから説明などを見て進めていきます。

小テストの回答の仕方がこれで正しくできているのかわかりません。

小テストの回答は毎回どこに提示されていますか?",0
89,Allison,8,1.0,"zoomに参加して結構進めることができました。

来週の授業までに繰り返しをできるところまで進めておきたいと思います。",1
90,Allison,9,1.0,AOJ90までできるきがしません、、。,1
91,Allison,10,1.0,AOJの問題を何回も間違えても、自力でいろいろ試行錯誤して成功できるととてもうれしいです。引き続き頑張ります。,1
92,Allison,13,-1.0,"停滞してます、aoj頑張ります。

レポート提出して単位頑張ります。",0
93,Allison,14,0.0,"簡単な計算機の問題は印象に残ってます。

IF文を使って、計算機が作れてしまうことに驚きました。

もちろん、日常生活にも役に立ちそうだと思います。",1
94,Amara,2,1.0,Python不安ですが頑張ります。よろしくお願いします。,-1
95,Amara,3,-1.0,特にありません。,-1
96,Amara,4,-1.0,特にありません。,-1
97,Amara,5,-1.0,特にありません。,-1
98,Amara,6,-1.0,特にありません。,-1
99,Amara,8,-1.0,個人的な勉強があり、そちらが落ち着いたらAOJに取り組む予定です。現在全く勧められておらず申し訳ございません、、、,-1
100,Amara,9,-1.0,講義資料を参考に頑張ります。,0
101,Amara,10,1.0,AOJに取りかかるのが遅くなり申し訳ありません。今後頑張ります!,1
102,Amaya,3,1.0,授業の流れや勉強の仕方がよくわかりました。,1
103,Amaya,4,1.0,グループ分けによってすぐ質問ができたので、プログラミングが楽しかったです。,1
104,Amaya,5,1.0,AOJだんだん難しくなってきた。,1
105,Amaya,6,-1.0,特になし,1
106,Amaya,8,1.0,"if文やfor文に入れるべきか入れないべきか、分からなくなる時がある。

難しくてなかなか進まない。",1
107,Amaya,9,1.0,仕組みを考えて、これを書くのが難しいなと思いました。,1
108,Amaya,10,1.0,なんとか繰り返しと関数まで終わったので気持ちを切り替えて頑張ります。,1
109,Amaya,13,-1.0,もっと計画的に頑張っていこうと思いました。,0
110,Amaya,14,0.0,リストの平均点や未提出者の問題などは役に立ちそうな印象がありました。,1
111,Amelia,5,1.0,今回はRuntime error が出なくて調子が良かったです(`・ω・ ́),1
112,Amelia,6,0.0,(。 ́・ω・)?,1
113,Amelia,7,-1.0,ゲロ吐きそうなので今回はお休みします。すみません( ́・_・`),0
114,Amelia,8,-1.0,今日は結構複雑な条件付けをして目と肩がつかれちゃいました。,1
115,Amelia,9,-1.0,今日は1個しか進められませんでした。,1
116,Amelia,10,-1.0,昨日久しぶりに外に出たら、足が筋肉痛になっちゃいました('Д'),1
117,Amelia,13,1.0,1週間放っておいたらかなり忘れていたので、毎日やろうと思いました,1
118,Amelia,14,1.0,"append を使ってリストに値を追加したり、for文やwhile文を使ってbreakさせたり、たまにexcept EOFError を使ったりする練習がとてもためになったので、「繰り返し」「繰り返しと関数」「リスト」の問題群が全体的に役に立つと思います。

解いた中では38番の問題が印象的で、単純にICPC の問題が何を求めているのか、私は解説動画を見るまで分かりませんでした。すみません。",1
119,Anastasia,1,1.0,分からないことが多く色々不安がありますが頑張っていきたいと思います。,1
120,Anastasia,3,1.0,ZOOMの個別に分かれて相談出来るのはとてもやりやすかったです。,1
121,Anastasia,4,1.0,(17)の長方形の中に円があるやつが難しいです,1
122,Anastasia,5,1.0,チームで進められるのが私には合っていると思います。,1
123,Anastasia,6,-1.0,"ジャージー牛乳のなめらかプリンロイヤルミルクティー味がオススメです。

頑張って課題を進めます。",1
124,Anastasia,8,-1.0,"暑くてやる気が全くでないのですが本腰を入れて頑張って進めたいと思います。

頑張ります。",1
125,Anastasia,9,-1.0,"疑問はありません

どんどん難しくなってるので進めるのが大変です。",1
126,Anastasia,10,-1.0,もう6月終わってしまいますね。問題がわかなくて進めないので本腰を入れます。,0
127,Anna,1,1.0,わかりやすかったです!,1
128,Anna,3,1.0,AOJ楽しいです!,1
129,Anna,4,1.0,"(41)が難しいです...調べても他の方の回答を見てもわかりませんでした。

考え方などヒントなどほしいです",1
130,Anna,5,1.0,時々とても難しいのが入ってます...,1
131,Anna,6,1.0,基礎的な文?などの簡単な用途まとめがあると嬉しいです。使い方や詳しいことは自分で調べます。(for文やwhile文、mapなど),1
132,Anna,7,1.0,めちゃくちゃ頑張って色んな関数を使ってとこうとしたら実は1行で終わると気づいた時の悲しみが半端ないです( ́;ω;`)ウッ...,1
133,Anna,10,1.0,文字列慣れるまで難しいです...,1
134,Anna,12,0.0,最近五月病になりました,1
135,Anna,13,1.0,オンライン授業気軽で好きです,1
136,Anna,14,1.0,コッホ曲線難しすぎます...,1
137,Aria,3,1.0,Pythonはやったことがないけど頑張ろうと思いました。,1
138,Aria,5,1.0,(20)のソーシャルゲームが難しかったです。,1
139,Aria,6,1.0,for文とwhile文のどちらを使うと上手くできるのかが難しかった。,1
140,Aria,7,1.0,配列を使うのが難しかったです。,1
141,Aria,8,1.0,配列を逆順にする問題の空白が上手くできなくて大変でした。,1
142,Aria,10,1.0,文字をカウントするのが思っていたより簡単にできて驚きました。,1
143,Aria,12,1.0,最大公約数を求める関数が便利だと思いました。,1
144,Aria,13,0.0,数学の問題を解くときにいろいろインポートするのが難しそうだと思いました。,1
145,Aria,14,0.0,"ICPC得点集計の問題

配列を使うと簡単にできたので、配列を使いこなせるようになると便利だと思いました。",1
146,Ariana,2,0.0,特にないです。,1
147,Ariana,5,-1.0,Python苦手であまり進んでないので頑張りたい。,1
148,Ariana,6,-1.0,調べてやってできてもすぐ忘れちゃうのでまとめておくようにしたいなと思った。,-1
149,Ariana,7,-1.0,全然進んでいないので毎日少しずつ頑張りたい。,-1
150,Ariana,8,-1.0,"全然進んでいないので積極的にzoomに参加するようにしたい。

一気にやるのは大変なのでこれからは毎日コツコツやるようにしたい。",0
151,Ariana,9,0.0,今まで全く進んでなかったけれど少しだけ進めることができたのでこれからも少しずつ進めていきたい。,1
152,Ariana,10,-1.0,今週は全然進められなかったので来週までに頑張りたい。,-1
153,Arianna,2,1.0,講義資料や動画がいろんなことを細かく説明してくださっていたのでとても分かりやすかったです。,0
154,Arianna,4,-1.0,特になし。,1
155,Arianna,6,-1.0,最近AOJをさぼっているのでpythonを忘れそうです。,0
156,Arianna,7,-1.0,特になし。,1
157,Arianna,8,-1.0,特になし,1
158,Arianna,10,-1.0,特になし,-1
159,Arianna,12,-1.0,特になし,-1
160,Arianna,13,-1.0,特になし,-1
161,Ariel,3,1.0,実際に力が付きそうでこれからの授業が楽しみです。,-1
162,Ariel,5,1.0,AOJのパスワードを忘れてしまい、落胆しました。,-1
163,Ariel,8,1.0,プログラミングのコツが分かりました,-1
164,Arya,3,1.0,今は解決しましたがAOJの提出する場所が最初見つけられなかったです。,1
165,Arya,5,1.0,だんだん頭だけじゃなくていろいろ考えないとできなくなってきているなと思います。,1
166,Arya,6,1.0,私はimport mathでやらないで小数点以下p=3.141592653589...と打ち込んでやったのですがこっちのほうがもっと大きい桁数が必要になったときとかにも応用がきいて手間がないのだろうなと思った。,1
167,Arya,7,1.0,別解の方法が知らなかったので知れてよかった。自分が何考えているのかわからなくなってしまうときがあるのでわかりやすいプログラミングにしたいと思った。,1
168,Arya,8,1.0,繰り返しのなかに繰り返しのを入れたりするのが、頭の中で考えてからプログラミングを書くのにすぐに結びつかなくて難しかった。,1
169,Arya,10,1.0,"リストが難しくて結構時間が全部かかってしまったが、文字列の方は理解がしやすくてわりと一つ一つの時間はかからず解くことができた。

でも、出力があってると思ってもAOJで×がでたりというようなこともあったので大文字小文字などによるケアレスミスを起こしそうだと思った。",1
170,Arya,13,1.0,標準偏差が難しくなかなか進められなかった。,0
171,Arya,14,1.0,(65)標準偏差→全然できなくて時間をたくさんかけてしまったので。,1
172,Athena,2,0.0,分かりやすかったです,0
173,Athena,3,0.0,分かりやすかったです。,1
174,Athena,5,0.0,わかりやすかったです,1
175,Athena,6,0.0,面白かったです,1
176,Athena,7,0.0,資料読みやすかったです、暑いですね,1
177,Athena,8,-1.0,"Pythonにめちゃめちゃ苦戦してますが頑張ります。

梅雨嫌いです。ほんとに梅雨嫌です。でも暑いのも嫌なのでコロナと一緒に夏も梅雨も去ってほしいです",1
178,Athena,10,-1.0,難しかったですが、AOJもっと頑張ろうと思います、、、,0
179,Athena,12,-1.0,"私は去年アルゴリズムを学んでいないので資料は難しかったです。

AOJは今週忙しくて考えてるうちに1日が終わってることが多くてあまり進められませんでした、、、",1
180,Athena,13,1.0,"今週は課題の合間に少しずつ解けました。

コロナウイルスが怖いです、、、",1
181,Athena,14,1.0,以前AOJで解いた小文字を入力して大文字で出力するプラグラムはpaizaですごく苦戦しましたが楽しかったです。,1
182,Aubree,3,1.0,1問目はシンプルだったので良かったです。,1
183,Aubree,5,1.0,そろそろプログラムが長くなってきましたが落ち着いて解けるとよいです。,1
184,Aubree,6,1.0,エラーの種類がわかるようになってきました。,1
185,Aubree,7,-1.0,Mr.パーカージュニアにはまってます。,1
186,Aubree,8,-1.0,明後日は、ニノの誕生日です。,1
187,Aubree,10,-1.0,今の朝ドラは面白いです。,1
188,Aubree,12,1.0,upperやlower、startwithなど関数の種類が多く出現したので整理しようと思いました。,1
189,Aubree,13,1.0,つづりやtabやかっこなどのエラーがなくなれば進められると思いました。,1
190,Aubree,14,1.0,最頻値の問題でtryとexceptを使っう問題です。,1
191,Aubrey,2,1.0,パソコンが苦手なのですが、講義資料の方が分かりやすく書かれていてよかったです。,1
192,Aubrey,3,1.0,AOJの問題が難しくてもヒントを見たり1年次の時の資料を見ながらやればできるのでもっとAOJを進められるように頑張ります。,1
193,Aubrey,4,1.0,AOJは学びながらも自分でプログラミングできるので楽しいです!,1
194,Aubrey,5,1.0,だんだんaojの内容が難しくなってきたので勉強しながら頑張りたいと思います。,1
195,Aubrey,6,1.0,Pythonが少しでも上達したいです。,1
196,Aubrey,8,1.0,バグになりにくいシンプルでわかりやすいpythonが書けるようになりたいです。,-1
197,Aubrey,9,1.0,リストのやり方についてわからなかった点が多かったのですが、動画の範囲に関してはわかるようになった気がします!!,-1
198,Aubrey,10,1.0,少しでも早く文字列の理解をして、使いこなしたいです。,0
199,Audrey,3,1.0,プログラミング課題の40超えたら難しくなってきましたー,1
200,Audrey,5,-1.0,ほんとにやる気が出ませんが、どうにか頑張ります,1
201,Audrey,6,1.0,今週は頑張りました,1
202,Audrey,7,1.0,"インターンシップのとこ考えたいけど相談できないから決められない。

ブラック企業リストつくってほしい、、、",1
203,Audrey,8,0.0,旅行の計画たてたから早くコロナ収束してほしい、、、,1
204,Audrey,10,1.0,"二週間程度放置してたのでAOJ開いて頑張ります。



就活のこととか教職のこととか情報交換の場が欲しい。。。。。",1
205,Audrey,12,1.0,あと少しで90問いくのでA+ください。,1
206,Audrey,13,1.0,もうすぐ90問いくからあと少し頑張ろうと思った!,-1
207,Audrey,14,0.0,"山の高さ

 去年C++、今年Pythonで2パターンやったから。



階乗の0個数

 高校の数学でやった問題だったから。",-1
208,Aurora,2,1.0,"C言語をやってきましたが、うまくいかないことが多く苦しみました。今回はオンライン授業ということでたくさんの時間をかけて、C言語よりできるようになりたいです。

また、趣味のスポーツがコロナでできないので、Pythonを使って簡単なスポーツゲームを作れたらなと思っています。

半年間よろしくお願いします。",1
209,Aurora,3,1.0,AOJはとても楽しいです。しかし、過去の問題と似たような処理がしたいと思っても、過去に自分が打ち込んだプロクラムを見返すことができないです。それが不便に感じることがあります。,1
210,Aurora,4,1.0,"自分で課題を進めていくうちに、解けなかった問題がちゃんと実行されたときの達成感でモチベーションが高まっています。

これからもこつこつ頑張っていこうと思います。",0
211,Aurora,6,1.0,最初よりだいぶPythonに慣れてきました。これからも頑張りたいと思います。,1
212,Aurora,7,1.0,"繰り返し文はだいぶできるようになりました。

引き続き頑張っていきたいと思います。",1
213,Aurora,8,1.0,"繰り返し文は自分の中でだいぶ理解できているなと感じることができています。

作りたいプログラムのイメージはつくのですがなかなかそれを実現することが難しいことがあります。関数の意味などをもう一度おさらいして理想通りのプログラムが書けるようになりたいです。",1
214,Aurora,10,1.0,AOJを隙間時間にちょこちょこやっていて、やっともう少しで50まで行けそうでうれしいです。繰り返し文をそこそこ使えるようになり、楽しくなってきました。その反面奥まで理解できていないところがあり、プログラムを工夫して簡単にしたりまとめたりできないのが悔しいところです。それにより難しくなっていくにしたがって、プログラム自体は間違えていないのに、制限時間で引っかかってしまうことが多くなりました。簡潔にプログラムが書けるようにもっと頑張りたいです。,0
215,Aurora,12,1.0,できるところが少なくなってきて、やれそうなところから解き始めました。友達に教えたり教えてもらったりと協力しながらコツコツ進めることができているのでこの調子で頑張りたいと思います。,-1
216,Aurora,13,1.0,"授業が後半に差し掛かり、できる問題がとても減ってきました。上から順にやっていましたが下のほうにできそうな問題があったりするので探してみようと思います。

だいぶ最初よりはできるようになりましたが、timeoutになることが多くなりました。もっとプログラムを簡潔に書けるように心がけたいと思います。",0
217,Aurora,14,1.0,"フレームの描画です。長方形まではうまく書けたのですが、その次であったフレームだけ書くのは、最初どうすればいいのかわからず、長方形のプログラムを書いて試行錯誤していました。また、場合分けをしたり決まった値の時に処理の仕方を変える問題はTimeoutが頻繁に出てイライラしていました。

しかしそこを自分で追及しているうちに少しずつプログラミングの仕組みを学ぶことができました。",1
218,Autumn,1,1.0,"プログラミングはかなりの苦手意識があります。でもこの授業を受けながら、しっかりと技術を自分のものにします。今の時点だと何がわかっていないのかもはっきりしていないので苦手ではありますがしっかりと向き合います。よろしくお願いします。
",1
219,Autumn,3,1.0,思ってたよりつかみやすい内容で、プログラミングが面白いと感じるようになりました。,1
220,Autumn,4,1.0,一つ一つパズルを解いていく感じがたまらなく楽しいです。,-1
221,Autumn,5,0.0,最近さぼりがちなのでまた再び頑張ります,-1
222,Autumn,6,-1.0,頑張ります,-1
223,Autumn,8,-1.0,AOJがなかなか進まずといった感じなので、講義資料を見つつ、友達にも聞きつつ進めています。頑張ります。,1
224,Autumn,10,1.0,できることからコツコツやっています。スピード上げていこうと思います。,1
225,Autumn,12,1.0,"動画がとても分かりやすく、勉強させていただいております。

引き続き頑張っていきます。",-1
226,Autumn,13,1.0,"50に近づくにつれて正答率が下がってきたように感じています。

しかし、いろんな式を使って組み立てる感じがとても楽しいです。",-1
227,Autumn,14,0.0,"印象に残っているのは20番のソーシャルゲームです。

Python以前にどうやってこの問題を出力するか考える段階が一番楽しかった気がします。数学のパズルを解いているようでした。",0
228,Ava,1,1.0,少し不安はありますが、楽しく学んでいきます。,1
229,Ava,3,1.0,分からない問題を院生の方に教えてもらって、なんで間違えているのかが分かった。,1
230,Ava,4,1.0,難しい。頑張りたいです。,1
231,Ava,6,-1.0,頑張ります。,-1
232,Ava,7,-1.0,頑張ります,0
233,Ava,8,-1.0,最近、手を付けなくなっているので90までいけるようにコツコツしていきたいです。,1
234,Ava,9,-1.0,コツコツ進めます。,0
235,Ava,10,-1.0,週に1度はAOJをしたいです。,1
236,Avery,3,1.0,python誰よりも頑張ります。,1
237,Avery,4,1.0,ソーシャルゲーム20番が14/24まで正確に実行されるのに数値がずれる実行結果がある。,1
238,Avery,6,-1.0,頑張ります,1
239,Avery,7,-1.0,頑張ります。,-1
240,Avery,8,-1.0,頑張ります,0
241,Avery,9,1.0,今日やっと授業内でフレームの描画を完成させる事ができました。達成感がすごいです。雑談の中で気になったのですが、コードは短ければ短いほどいいものなのでしょうか?,1
242,Avery,10,-1.0,がんばります,1
243,Ayla,3,1.0,AOJ登録のシラバスについて、分かりやすく記載されていたため登録をスムーズに行うことが出来ました。ありがとうございました。,1
244,Ayla,5,1.0,"今週は、週末に 自学で4問ほど課題を進めることが出来ました。

引き続き、少しずつ進められるようにしていきたいと思います。",1
245,Ayla,6,1.0,今まではACにならなかった時の対処法が分かりませんでした。しかし 、ここ数日では、ランタイムエラーを起こした時には、エラーになってしまったテストケースをよく見て paizaで確認をすることで少しずつ解消できたと思います。引き続き、進められるように取り組みたいと思っております。,1
246,Ayla,7,1.0,最近では、二日に一回はパイソンに向かい合って課題を進められるように心がけています。,1
247,Ayla,8,1.0,"今日も少しずつ進めることが出来ました。

引き続き進められるようにしていきたいと思います。",1
248,Ayla,9,1.0,"今回の講義で取り扱われていました等式推論について、その問題ごとに適した考え方が出来るようになるには、まだまだ時間がかかりそうだなと感じました。

考え方を固定せずに、今の段階から4つの解き方を上手く使いこなせるようになりたいと思います。

お料理で例えると私はまだ”ゆでたまご”の段階であると知り、後期もっと難しくなると考えますと、とても不安になりますが出来ることをこなしていこうと思います。",1
249,Ayla,10,1.0,"今日はAOJの途中でzoomが切れてしまっていたようです。

パイソンに慣れるように後半戦も取り組んでいきたいと思います。",1
250,Bella,3,1.0,"授業内容や課題、評価方法など詳しく書いてあって良かった。

ネット授業は経験がなく、不安があるので、このように前もって資料などを提示してくれると嬉しい。

AOJの簡単な問題でも、忘れてしまっていることもあったので、資料に書いてあったように、練習命なのでこれからたくさん練習したいと思いました。

ゴールデンウィークは時間があったので、AOJをやってました。正解が出ると楽しいです。",1
251,Bella,4,1.0,"だんだん難しくなってきて、1問にかける時間が長くなってきた。

飛ばす問題も少し多いので、とりあえず先に進めて知識が増えたら戻ってきて解こうと思う。

タイピングが遅いなと思うので、タイピングゲームをしてもう少し早くなりたい。",1
252,Bella,6,1.0,"zoomに参加し、同じチームの人が自分とは結構違うプログラムを書いていて、このような書き方もあるのかと勉強になった。
 

 最近は前に飛ばした問題を戻ってやっている。前は難しく感じた問題も今は結構すんなり解けたりするので、50問解いて最初の頃に比べたら成長したんだと思った。嬉しい。",1
253,Bella,7,,他の教科のレポートを優先してしまい、前に比べて進みが遅くなってしまった。一日1問は進めるようにする。Slackで自分と同じ悩みを持った人がいたので、Slackを参考に自分のプログラムを直してみたりしている。,0
254,Bella,8,,友達とできたプログラムを見せ合ったとき、自分が友達よりも5行以上長いプログラムを書いていて、え、こんなに短く書けるのと少し落ち込みました。その友達はプログラムが短い分、プログラムを書く時間も短くとても効率がよいので、今回の講義と同じでした。知識がたくさんあれば、1番いい書き方が思いつきやすくなるのでそうなれるようにしっかり勉強したいと思いました。,1
255,Bella,9,,スライドの方が分かりやすくて好きです。結構前の方の飛ばした問題は終わってきたが、38の問題は問題文が理解できなくて解けない、、、整数と数値計算を少しやったが、今まで通りに解くとタイムエラーになってしまったので、新しい知識が必要なのかなと思った。,1
256,Bella,10,,timeエラーはコードが間違っていないので、解消するのに大変だったけどzoomで聞いてすぐに理解できた。難しい問題や問題文が理解できないものは飛ばしてできるものから解いていく!A問題までたどり着けるように頑張ります,1
257,Bella,13,,"zoomに行って、みんな素数で飛ばしたりしていて、みんな難しいと思うところは同じなんだなーと感じた。エラストテネスのふるいの順序のスクショ?を頂いたので、それに沿ってやってみようと思います。

今回はずっと素数をやっていたので、一問も進まなかった、、、",1
258,Bella,14,,"(16)

リストがまだ先にあったので、リスト使わずにできると思って、パターン分けしてやったらすごく時間がかかった。進めていくうちにリストを学び、リスト使ったら数行で終わったので、リストに感動した。



リストや繰り返しの問題は生活の一部を問題にした感じが多かったので役に立ちそうだと思った。",0
259,Brielle,1,,間違いの例なども説明していただけてとても分かりやすかったです!,1
260,Brielle,3,,丁寧に説明していただけて、pythonがあまり得意ではない私でも分かりやすかったです。ありがとうございました。,1
261,Brielle,5,,動画で補足説明があればありがたかったです。,-1
262,Brielle,6,,初めて知る事があって興味深かったです。,0
263,Brielle,7,,わかりやすかったです。,1
264,Brielle,8,,"バブルソートやパラメータ化などが知れたのでもう少しスムーズにpythonができるようになりそうです。関数も積極的にいろんな方法で使っていこうと思います。

ありがとうございました。",-1
265,Brielle,10,,色々な文字列メソッドがあって面白かったです!!覚えて使おうと思います。,-1
266,Brooklyn,2,,"AOJのユーザIDは2年の計算機数学で使っていたもので大丈夫ですよね...?

AOJこれから頑張ります。",1
267,Brooklyn,3,,自分のペースで頑張ります。,1
268,Brooklyn,4,,zoomは、進度別でわかれたルームはみんな特別仲のいい子ではなかったので、誰も話さずもくもくと作業していて、集中していました。私は質問はなかったので良かったですが、少し質問しにくい雰囲気ではありました。,1
269,Brooklyn,5,,ペースが落ちてきてるので頑張りたいです。,1
270,Brooklyn,7,,自分のペースで頑張ります。,1
271,Brooklyn,8,,難しいけどまだ楽しめています。頑張ります。,1
272,Brooklyn,10,,授業でプログラミングをするのは結構楽しいのですが、これくらいの気持ちでSEとか志望するのは危険ですか?,1
273,Brooklyn,12,,実はそろそろ前期が終わってしまうことに気づいて焦りました。,1
274,Brooklyn,13,,"今週もいろいろ頑張ります。

後期もオンラインに決まったんですね。前期、オンライン授業で困ったことは特になかったので、後期も頑張ります。",1
275,Brooklyn,14,,"ユークリッドの互除法

今まで何度も触れてきたし基本的な問題ではあるが、なんとなくできた後気持ちが良い。最初に自分で書いてみた後他の人のやり方を見るとさらに短いコードがあったので、勉強になった。",1
276,Camila,2,,"時間があるときに進めています。

自分のペースで進めることができるので嬉しいです。",1
277,Camila,3,,だんだん難しくて心が折れそうになります。,1
278,Camila,4,,特にないです。,1
279,Camila,5,,特にないです。,1
280,Camila,7,,"質問したら先輩がすぐ答えてくださるのですごいです。

いつもありがとうございます。

私はいつ先輩のようにできるようになるんでしょう...",1
281,Camila,8,,暑くて溶けそうです。,1
282,Camila,9,,"遠隔授業になってから、たくさん寝れるようになりました。

実験以外は家にいたいです。",1
283,Camila,10,,AOJの成績を集計するのはいつですか?,1
284,Camila,13,,後半になると難しいですが、たまに簡単な問題がくると嬉しくなります,1
285,Camila,14,,"最頻値

先生の動画を見てやりました。自分ではできなかったです。",1
286,Caroline,2,,資料が分かりやすく、自分のペースで出来て良かったです。,1
287,Caroline,4,,"解けなかった問題が解けると、とても楽しくて達成感を感じます。

友達にアドバイスして貰ったりしてコミュニケーションも取れるので授業がとても楽しいです。",1
288,Caroline,6,,特に無いです。,1
289,Caroline,7,,特にないです。,1
290,Caroline,8,,最近、週に1問(授業中に解いたもの)しか出来ていないので、せめて2、3問は解けるように頑張ります。,1
291,Caroline,10,,"今週も目指せ週に2問!頑張ります!

かれこれ5ヶ月ほど大学に行ってないので通学路の記憶が曖昧になってきました。",1
292,Caroline,12,,最近週に2問解けているのでいい感じです。,1
293,Caroline,13,,"レポート全然気付かなかったです。

今から頑張ります。",0
294,Caroline,14,,34番フレーム描画でどうしてもうまくいかず、改行のコマンドが原因だったようでとても印象に残っています。,1
295,Charlie,2,,"今学期もまた、AOJ頑張って解きます!!

友達と賑やかに、教えあいながらできないのが悲しいです。",1
296,Charlie,5,,"やる気が出ません。

もうちょっと頑張ります。",1
297,Charlie,6,,もうちょっとペースをあげて、問題を進めていきたいと思います。,1
298,Charlie,7,,"質問をたくさんできてよかったです。

就活関係が不安でしかありません。",1
299,Charlie,8,,"AOJを一週間ぶりに開いたので、もう少し頑張ろうと思います。



嵐のシングルが無事に予約できてよかったです!!!",1
300,Charlie,10,,"一週間に2,3問ペースで頑張ります。



パワポの指摘ありがとうございました。どうにか頑張ってみます。",1
301,Charlie,12,,"もう少し頑張るのでA+をください。



年パスの延長、払い戻しの詳細がなかなか出てくれないです。",1
302,Charlie,13,,"課題も頑張って取り組みます。

なんだかんだで前期ももうすぐ終わってしまうので、AOJのラストスパート頑張ります。",1
303,Charlie,14,,"去年もやった問題が印象に残っています。C++とPythonでの書き方の違いが明確にわかったので良かったです。

数学系の問題は、実際にこれを使って解いたら電卓代わりになるのかなと思いました。",1
304,Charlotte,2,,講義資料を見てやる気が出ました,-1
305,Charlotte,5,,一年次で習った内容を忘れていたので、復讐しながら学習しました。,1
306,Charlotte,6,,AOJの進捗が周りに比べると悪いので一日一門解くことを誓います。,1
307,Charlotte,7,,AOJの問題を1回目でクリアしたことはありませんが、ミスの数が減ってきました(^^),0
308,Charlotte,8,,AOJがあまり進んでいないので、積極的にzoomに参加することを誓います。,1
309,Charlotte,10,,AOJの進捗状況が悪いので、Slackで質問し、解決策を学ぶことで、効率的に学習していきたいと思います。,1
310,Chloe,2,,少しずつAOJ頑張っていきたいです。,1
311,Chloe,5,,知らない言葉が出てき始めました、、、、。,1
312,Chloe,6,,コッホ数列とバトミントンに悩んでいます,1
313,Chloe,7,,別解わかりませんでした。,1
314,Chloe,8,,"pythonに最大値、最小値だけでなく、素数の関数もあったらいいのにって思うばかりです。AOJの問題を考えていると時間が過ぎるのが早くててびっくりしてます。

time outばかりになってきて、頭の柔らかさが必要だなと思いました。",1
315,Chloe,9,,もう、自分の力で進める気がしません。1週間に1問は頑張っていきたいなと思います。,1
316,Chloe,10,,"やっと素数の数ができてとてもうれしかったです。

自分の書いたプログラムが時間がかかることは理解できるのですが、解決策が見つからなくて毎回困ります。先輩方みたいに思いつけるようになりたいです。",1
317,Claire,2,,"AOJと仲良くしていこうと思いました。

忘れていたりして、悲しかったです。",1
318,Claire,5,,自分のコードをみる方法が知りたいです。,1
319,Claire,6,,目がしょぼしょぼします。,1
320,Claire,7,,毎日パソコンで目がもう目ではないです。,1
321,Claire,8,,while文苦手です。,1
322,Claire,9,,動画ありがとうございます。,1
323,Claire,10,,"ずっとずっとわかんない問題があったが、できてすっきりした。

出来なかった時、何回も机を叩いてしまったので、机に申し訳なくなった。",1
324,Clara,1,,資料のみでもわかりやすかったです。AOJも使いやすく少し安心しました。,1
325,Clara,3,,AOJの周りの人の進捗状況がわかるのでモチベーションが保て、学習しやすいです。,1
326,Clara,5,,順調に進められております。ほかの人がした質問も見ることができるのがとても助かっています。,1
327,Clara,6,,C言語に比べてPythonは書きやすいなとだんだん感じ始めました。問題を解くのが楽しいです。,1
328,Clara,7,,特にありません。順調に進められています。,0
329,Clara,8,,繰り返しの分野のコツが少しつかめてきた気がします。少しずつできるようになる感覚があって、楽しいです。,1
330,Clara,10,,先週はペースがかなり落ちてしまいましたが今週はもっと多く問題が解けるように頑張ます。,1
331,Clara,12,,zoomに参加して、普段とは違う環境なのがとても新鮮でした。次回も頑張ります。,1
332,Clara,13,,"前期の授業で自分に力がついているのか自身がなく、不安です。

話が変わってしまいますが、奥さんの好きなところを3つ教えてください。いつも仲良しな雰囲気が伝わってきて、密かな癒しになっています。",1
333,Clara,14,,コッホ曲線の問題が一番印象に残りました。Pythonを活用できた実感が得られるので、この問題をえらびました。,1
334,Cora,1,,具体的にこうしてというのをやりながら講義していただいたので、わかりやすかったです。,1
335,Cora,3,,資料がわかりやすかったです。,1
336,Cora,4,,難しくなってきた...。。,1
337,Cora,5,,だんだん難しくなってきてつらいです。,1
338,Cora,6,,だんだん難しくなってきていてつらいです。,1
339,Cora,7,,難しくなってきていてつらいです。継続的にできるように頑張ります。,0
340,Cora,9,,"1年生の時に理解できなかったところが理解できるようになってきました。

自分ではあっていると思っていても出力が出てこなかったりエラーになったりすることが多くてつらいです。",0
341,Cora,10,,だんだん慣れてきてこういう風に書けばプログラミングできるとわかってきた気がします。,1
342,Delilah,1,,AOJというコンテンツを初めて知ったので自分のペースで進めていこうと思いました。,1
343,Delilah,3,,自分のペースでAOJの問題を解いていきたいと思いました,1
344,Delilah,5,,"問題によって、出力が""Yes""だったり""yes""だったりと大文字小文字が違うことがあるので確認してから提出しないとマルにならないので、気をつけなければと思いました",1
345,Delilah,6,,for文で繰り返す時、どの文字を何として置いたかわからなくなった時があるので、メモしておくべきだと思いました。,1
346,Delilah,7,,誕生日を祝っていただきありがとうございました。,0
347,Delilah,8,,今日はスムーズに進んでよかったです,1
348,Delilah,9,,文字列から文字のカウントをするときに大文字小文字の処理を忘れていたので気をつけたい。,1
349,Delilah,10,,難しい問題は飛ばしてとりあえずできそうな問題からやっていきたいと思います,1
350,Eleanor,1,,オンラインの授業形態に不安を感じる。,1
351,Eleanor,6,,特になし,1
352,Eleanor,7,,特になし,1
353,Eleanor,8,,AOJの(9)お年玉で「2人がもらうお年玉の金額は、それぞれ1000 の倍数です。」とあったので結果は整数以外にはならないと思い、print((a+b)/2)と打っていました。ですが、それは間違いで正しい演算子は//と分かりました。なぜ/ではなく//を使わなければいけないのか少し疑問に思いました。,1
354,Eleanor,9,,必要なコマンドの数が増えてきてどれを使えばいいのかが難しくなってきました。,1
355,Eleanor,10,,AOJ「りんごともも」でreplace()を2つ使いまとめて解こうとしたが、3つ使わないと解けないことが分かった。,1
356,Elena,2,,aojは以前使ったことがあったので少し不安が軽くなりました。,1
357,Elena,5,,c言語よりpythonのほうがわかりやすいので、このレベルの問題であれば、すんなり解けました,1
358,Elena,6,,演算の問題はもともといくつか問題を解いてあったので復習になりました。,0
359,Elena,7,,c言語の時もループのあたりからつまずいたので頑張りたいです。,1
360,Elena,8,,"わかる限り(if文使いまくりなど)で解いたものもあったので、より完結で正確なプログラミングについて考える機会になりました。

折り返しで現在25くらいなのでもう少しペースを上げて頑張ります。",0
361,Elena,10,,リスト、文字列それぞれ1問ずつ解けたので、来週はもっと応用問題を解こうとおもいます。,1
362,Elena,12,,ループやリストより、数式でいろいろ求める問題が解いていて楽しいです。,1
363,Elena,13,,"代数を使ってレポート課題1問とけました。

クラブが使えませんでしたがpythonで頑張りました。

友達に頼るのでなく一緒に協力してできました。時間はかかりましたが楽しかったです。",1
364,Elena,14,,"文字列

今まで数学的な問題を解くことが多かったから新鮮でした。

レポート課題から、

手計算で微分、積分頑張ってた過去の自分にプログラミングあれば計算力使わないこと教えてあげたい。",1
365,Eliana,2,,私は普段パソコンを使っていないため苦手なのでこれからの授業が不安です。ですが私は覚えきれていないけどプログラミングが好きで楽しみなので、今まで以上に頑張りたいと思います。今回AOJに提出するときもpaizaを使うのも講義資料を何回も見てもうまく一致しなかったりで大変でしたが無事提出できました。講義資料すごい見やすかったし、パソコン苦手な私にとってわかりやすかったです。講義資料を読みながらでなくてもAOJを使えるようになって先生の講義とAOJでパソコンが使えるように頑張ります。これからよろしくお願いします。,1
366,Eliana,5,,Google Colaboratoryに入れなくて提出ができないです。,-1
367,Eliana,6,,何故かうまく行きません課題の。めげずにがんばります。,-1
368,Eliana,7,,難しいです,-1
369,Eliana,8,,やったことと同じことならできるけど、少し変わったらできなくなってしまいます。なので頑張ります。,-1
370,Eliana,9,,パソコンに慣れようと思います。頑張ります。,0
371,Eliana,10,,なぜか全然成功しません。がんばります。,1
372,Eliza,2,,大学のメールアドレスを長い間使ってなかったので手間取ってしまいましたがとてもわかりやすくしてくださって助かりました。これからも頑張ります。,1
373,Eliza,2,,プログラミングということに対してとても漠然としたイメージしか抱いていなかったので、Pythonをやることでどのようなことが可能になるか具体的に提示してくださって今までより明確に目標が見えた気がしました。頑張ります!,1
374,Eliza,3,,全部の授業にいて申し訳ないです。周りに迷惑かけないように頑張ります、、,1
375,Eliza,3,,全部!頑張ります!!!,1
376,Eliza,4,,部屋ごとの方がやりやすかったです。みんながすごく進んでいると聞いてめちゃくちゃ焦っています。,1
377,Eliza,4,,2年生がすごく進みが早いと聞いているし、実際そうなのでとても焦ります。物理が苦手すぎてそちらに時間を取られているので頑張りたいです。,1
378,Eliza,5,,だんだん難しくなって来てとても進みが悪くなって来ました。頑張って週末に進めようとは思っています。思っては!いるんです!,1
379,Eliza,5,,オンラインだと普段より余計に周りがどういう調子なのかわかりにくくて不安ですよね。私はとても不安です。進路とかも、不安です。授業の感想とかじゃなくなってきました。,1
380,Eliza,7,,5月病が遅れてやってきました。私の怠惰なところが出てきそうで怖いです。,0
381,Eliza,7,,AOJが課題の中で一番楽しいです。頑張ります,0
382,Eliza,8,,わたしも授業ずっとオンラインがいいです。かつてないほどちゃんと勉強してる気がします。,1
383,Eliza,8,,わたしは最近アボカドを必要以上に食べています。昆布つゆとごま油と砂糖とおろしにんにくと顆粒だしを混ぜたものと和えて食べると罪な味がします。AOJまじで進んでなくて申し訳ないです。,1
384,Eliza,9,,今のバイトやりがい搾取で有名なんですけど、人生においてやりがいと報酬ってどっちが大事なんですかね。わたしはまだ若くて守るものとかもないので、やりがいが欲しくなっちゃいます。結局はバランスなんだともわかってます多分。,-1
385,Eliza,10,,結構ダメになってきました。バイトと大学の両立が全くできていません!勉強も一生懸命やりたいし、アルバイトでも何かを得たいと思って頑張ってやっているので、難しいです。今週からまた切り替えて頑張ります。,-1
386,Eliza,10,,全身が筋肉痛すぎて本当に歩けません。治し方ありますか?,-1
387,Eliza,12,,課題の(41)のコッホ関数がよくわかりません。,1
388,Eliza,13,,結局AOJはどこまでやればいいのでしょうか,0
389,Eliza,13,,先生はディズニーランドとか行かないんですか?,0
390,Eliza,14,,48が簡単そうに見えて難しかったです。,1
391,Eliza,14,,48が簡単そうに見えて難しかったです,1
392,Elizabeth,1,,"初めてAOJを知ったが、自分のペースで学習できるのでとても使いやすいと思った。

説明している映像付きの講義動画だと、対面授業に近い感じがあり良かった。",1
393,Elizabeth,3,,AOJの問題を講義で解説しながら解いてくださるので、問題に取り組みやすいと思った。,1
394,Elizabeth,4,,AOJをやっていて、プログラミングは数学もできないといけないことが分かり、悲しくなった。頑張りたい。,1
395,Elizabeth,5,,手順が頭で整理できてもそれを言語にするのが難しい。,1
396,Elizabeth,7,,"・(41)コッホ曲線の解説動画を出してほしいです。



・最小公倍数の求め方を調べたところ



import math

from functools import reduce



def lcm_base(x, y):

  return (x * y) // math.gcd(x, y)



def lcm(*numbers):

  return reduce(lcm_base, numbers, 1)





という定義の仕方が出てきたのですが、2つ目の定義で何がどう処理されているか理解できません。

解説お願いします。",1
397,Elizabeth,8,,"感想

AOJの最初の方は結構すらすら解けて進めやすかったが、今やっているところは自分の実力だと1時間以上かかってしまうこともあって全然進まなくなってしまった。



疑問

(79)素数の数、(80)ゴールドバッハの予想、(85)根の個数のどれか解説動画が欲しいです。",1
398,Elizabeth,10,,文字列やリストなどは調べて出てきたものをなんとなく使っていたが、もっとたくさん使い方があることを学んだ。しっかり活用できるようにしたい。,1
399,Elizabeth,12,,最初に比べればPythonに慣れてきたと思っていたが、AOJを進めていくと全然解けなくなっていき、まだまだなんだなと感じた。,1
400,Elizabeth,13,,AOJがだんだん難しくなっていき、全然進まなくなってしまった。でも自分が苦手な文法(?)?がじっくり勉強できるので、その点はよかったと思った。,1
401,Elizabeth,14,,"(78)素数の問題

素数は意外といろいろなところで使ったので、最初にこれが解けると、色々と使えるなと思った。",-1
402,Ella,3,,かなり難しかったので次はAクラスに行きたいです。,1
403,Ella,5,,先生が優しかったです。,1
404,Ella,6,,ブレイクアウトルームに行くと個別にチャットができなくなってしまいました。,1
405,Ella,7,,特にありません。,1
406,Ella,8,,問題ページにヒントが書いてある問題がとてもやりやすかったのでできればヒントがついている問題を多めにしてほしいです。,1
407,Ella,9,,最近難しくなってきたので一問に時間がかかってしまいます。,-1
408,Ella,10,,参考書を読んでやっていますが、時間がかかってしまいます。,-1
409,Elliana,2,,プログラミングが苦手なので問題を解けるか不安。,1
410,Elliana,3,,paizaではエラーになるのに、提出するときはACになる。,1
411,Elliana,4,,特になし,1
412,Elliana,6,,AOJがわからなくなってきた。,1
413,Elliana,7,,特になし,1
414,Elliana,8,,知識がなさすぎて、if文を沢山使うプログラムを書いてしまうので、もっと大人な解き方をできるようにしたい。,1
415,Elliana,9,,while文がうまく使いこなせない。,-1
416,Elliana,10,,AOJが難しくなってきたが、少しづつできるようになって楽しい。,0
417,Elliana,13,,AOJが一問一問に時間がかかって全然進んでない。,0
418,Elliana,14,,チケットの売り上げの問題。実用性がありそうだと思った。,1
419,Ellie,1,,"Pythonは少しかじったことがある程度で現状全然書くことができませんが、上達できるように務めます。

今回はガイダンスでしたが、今後の授業がとても楽しみです。

これからよろしくお願いいたします。",1
420,Ellie,3,,"講義資料はとても理解しやすいです。

AOJに関しては、手こずっていますがとても楽しいです。",1
421,Ellie,5,,難しくなってきて手こずっていますが頑張ります。,1
422,Ellie,6,,"なかなか進めることができません。

簡単な入門書のようなものを買ってみました。

読み進めながら頑張って進めていきます。",1
423,Ellie,7,,今後もなんとか頑張ります。,1
424,Ellie,8,,最近AOJにかける時間を長くとることができていなかったため、伸び悩んでいました。時間をかけて進めるしか方法はないと思うので頑張って空き時間を見つけて取り組みたいと思います。,1
425,Ellie,10,,整数と数値計算、難しいです。頑張ります!,1
426,Ellie,12,,どんどん難しくなってきていますが、今後も頑張ります!,1
427,Ellie,13,,"大学院、悩みます。色々お話いただきありがとうございました。

今後、就職活動と学部の勉強、院試の勉強を両立していけるのかもかなり心配ではあります...。",1
428,Ellie,14,,ソーシャルゲームが印象に残っています。なかなか正解できずにずっと悩んでいた記憶があります。,1
429,Emersyn,2,,AOJの登録の説明が分かりやすかったです。,0
430,Emersyn,4,,静かなグループだったので少し質問しづらかったです。,1
431,Emersyn,6,,眠いです。,1
432,Emersyn,7,,...,1
433,Emersyn,8,,"なかなか進みません...

頑張ります",-1
434,Emersyn,9,,進みません...,0
435,Emersyn,10,,"少し進みました

この調子で頑張ります",1
436,Emery,2,,"見やすいスライドでした。

ゲーム好きなので、ゲーム作れると知ってモチベーションあがりました。

よろしくお願いします。",0
437,Emery,3,,"自分のペースで進められる点が良いと思います。

zoomの班分けシステムが少人数で質問し安かったです。",1
438,Emery,4,,特になし。,1
439,Emery,5,,特になし,1
440,Emery,7,,"名前覚えてもらえて嬉しかったです。

がんばります。",1
441,Emery,8,,ハプニング多めだったんですけど、リストの部分結構進められました。フィボナッチ数列わすれてたので覚え直します。,1
442,Emery,9,,履修の件が聞けてスッキリしました。,1
443,Emery,10,,リスト飛ばして文字列に挑戦したら結構すすめて良かったです。,1
444,Emilia,1,,"一通りの準備は完了したと思います。

 まずはサイトなどの使い方に慣れながら、自分のペースでPythonの言語を習得していきたいと考えています。",1
445,Emilia,3,,"今週で23問解き終わったところです。

初めてPython3をやった割には進んでいるのかな、と思います。

ですが、そろそろコードを書く際の方針が立てるのが難しくなってきて、なかなか進まなくなってきました。。",1
446,Emilia,5,,"昨日の授業のブレイクルームで教えていただいた問題は無事理解して、授業内に解けました。次からPythonの質問欄もきちんと確認しておきます。。

またいつもブレイクルームを共にしている2人が(おそらく)プログラミングが得意なこともあり、進捗状況が速すぎて少し焦りを感じています、、あまり置いていかれすぎないように、でも雑にならないように、進めていきたいです。",1
447,Emilia,6,,数問飛ばしてはいますが、初めの頃よりはずいぶん慣れてきました。6月中に最低ラインの60問解き終えることを目標にします・・・!また、友達と会話を実際にする機会が殆どないので、この講義の時間、そういった意味でも毎週楽しみにしています。,1
448,Emilia,7,,今月になって父親が週二回普通の勤務(それ以外の平日は在宅)、妹は週3回のペースで学校での授業に切り替わりました。早く学校で授業が受けられる形に戻るといいな、と思ってます。,1
449,Emilia,8,,"毎度先生から進捗状況について良い感じのコメントをもらえるので、少しモチベーションが戻ってきました、、、!

あとここ何回かの授業を受けていて思うのは、深い意味はないのですが、情報コースは縦との繋がり(学年を超えてお話しできる)が出来るのがいいなーと思いました。コースは違いますが、この授業のおかげで先輩方に教えていただける機会があるのは、ありがたいなと思います(もう少し質問できるように自分の疑問点をまとめてから授業を受けるのが、次の目標です)。",1
450,Emilia,10,,"先週一週間があまりPythonのやる気がなかったのですが、今日の授業中にたまたまお手軽な問題に当たれたのもあって、2問進んだので、少しモチベーションが戻りました・・・!

いまこれを書いている時点では58問解き終わっているので、明日を含めて、6月中に60問いけたら良いなと目標は持っています。。",1
451,Emilia,12,,目標としていた期日より2週間近く遅くなってしまいましたが、無事、60問を突破できたのは良かったです。今後は引き続き文字列の練習をするのに加え、数値計算の部分を少しずつ進めていきたいと考えています。,1
452,Emilia,13,,"深層学習の動画について。ちょうどマルチメディアの基礎、の授業課題で機械学習についての動画を見て、まとめを書いた後だったので、説明を聞きながらなんとなくのイメージが持てたのは良かったです。

オンライン授業に関しては、1回目はあまり深く考えず参加してなかったのですが、2回目以降、毎回Zoomの練習機会に参加できていて良かったです。すごく刺激になります。

あとはとにかく、提出日までに必ず90問を越えられるように、まずは7月中に70問(出来たら75問)解くことを目標にします。",1
453,Emilia,14,,"興味深かった問題は70番台あたりの、数学の計算の問題たちです。いわゆる文章題などより、今後何かしらの計算を行う時に実際に使えそうなテーマだったので、解けた時に他の問題よりも達成感を得られました。

印象に残っている問題は、昨日解いたというのも大きいと思いますが、(78)の素数の問題です。アルゴリズムを考えて解かないといけない問題とは、このような問題を指すのかと実感しました。",1
454,Emily,2,,python頑張ります!!,1
455,Emily,3,,pythonが楽しい!,1
456,Emily,4,,AOJ進めていくにつれて一気に難しすぎます...,1
457,Emily,6,,コロナのせいですごく太りました,-1
458,Emily,6,,"好きなアイスはなんですか?

私は板チョコアイスです!!!!!!!!!!!!!!!!!!!!!!!",-1
459,Emily,8,,"今週は、

雨が降ってきた時にたまたま道端に傘が落ちていて、もらうことができました。

神様にみられてるのかなと錯覚しました。



プログラミング難しすぎて困っています!",-1
460,Emily,9,,難しいです。,-1
461,Emily,10,,今週はAOJに取り組めなかったの、来週頑張ります,-1
462,Emma,1,,今のところは大丈夫そうです。,1
463,Emma,5,,AOJ、ゾーンに入ると何度も何度もエラーになってしまうものですね、、、。,1
464,Emma,6,,去年はプログラミングを書くのにお手上げになってしまうものが多かったんですけど、少しずつ自分の力で書けるものが増えてきました。まだまだ力不足ですが・・・,0
465,Emma,7,,難しくなってきて前へ進めません、、、。,1
466,Emma,8,,"なかなかコンパクトでスマートなプログラミングが書けません。

長くなってしまってもクリアできた時は嬉しいですが。

折り返し、、、頑張ります。",-1
467,Emma,9,,"るグインし忘れたまま数問AOJを解いていたことが発覚しました。

以後、気を付けます、、、。",0
468,Emma,10,,わかるものなのにケアレスミスで何度もはじかれてしまうものが多いです、、、。,1
469,Eva,1,,たくさんAOJの問題を解けるよう頑張りたいと思います。,1
470,Eva,3,,やっぱりAOJは楽しいです。講義資料も分かりやすいです。頑張ってどんどん問題を進めていきたいです。,1
471,Eva,4,,コツコツと頑張っていきたいです。,1
472,Eva,5,,ちょっとずつ難しくなってきて大変ですが頑張りたいです。,0
473,Eva,6,,繰り返しは基本的な形を理解したら、ほとんどの問題が分かったので楽しかったです。,1
474,Eva,7,,A+がもらえるように、頑張って計画的にAOJを進めていこうと思います。,1
475,Eva,10,,文字列は、前から使っていたけど意外とまだ知らないことがあったので、もっと問題集で練習していきたいと思います。,0
476,Eva,12,,スマホの画像をアプリでみているときも、位置情報をつけてないのに、建物を認識して場所が表示されていたり、同じ友達と撮った写真がまとめられたり、技術の進歩を日々感じていた。講義資料を見て、改めてその技術がすごいと感じたし、少し学んでみたいと思った。,1
477,Eva,13,,pythonで微分、積分のやり方を知って改めてプログラミングの便利さを実感しました。レポートに取り組んで、微積分の計算をマスターできるようにしたい。,1
478,Eva,14,,チェスボードの描画の問題が面白くて印象に残ってます。最初に問題を読んだらできそうに思うけど、ちょっと工夫が必要で考えるのが楽しかったです。また、ヒストグラムを描く問題も、数字がばーっと並んでいた状態から、出力でどのアイスクリームが売れたのか一目で分かるようになったので便利だと思いました。,1
479,Evelyn,1,,講義資料分かりやすかったです。,1
480,Evelyn,4,,AOJが難しくなってきた、、、,-1
481,Evelyn,6,,特にありません。,0
482,Evelyn,7,,AOJが難しくなってきて、全然解けません。,1
483,Evelyn,8,,"AOJが難しくなってきて、なにがなんだか分からなくなってきました。

もう一回整理して考えたいと思います。",1
484,Evelyn,9,,AOJが難しくなって、頭の中が混乱してます。,1
485,Evelyn,10,,"AOJが難しくて全然進みません。

Zoomに参加して解けるようにしたいです。",1
486,Evelyn,13,,"AOJは難しいけど、この1週間で意外進みました。

もっと進められるように頑張りたいです。",1
487,Evelyn,14,,リミンコフスキー距離が印象に残ってます。,1
488,Everleigh,3,,画面共有をしながら細かいところを見ていただきながら進めることができてとてもよかった。,1
489,Everleigh,5,,AOJで時々プログラムについての解説がのっているのが嬉しかったです。,1
490,Everleigh,7,,上の問題で改行しているのにend=''しているのはなぜなのかが分かりません。,1
491,Everleigh,8,,AOJに少しヒントがあったりするので時間はかかってしまいますが少しづつ進めることができています。順調かどうかは分かりませんが頑張ります。,1
492,Everleigh,10,,最近サボり気味だったので頑張ります。,1
493,Everleigh,12,,すっっっごく調べながらやっているので身についているか分かりません。,1
494,Everleigh,13,,A+をとりたいのであと少し、頑張ってみます。,1
495,Everleigh,14,,i have a money みたいな問題は面白かったです。,1
496,Everly,3,,"今週はまだ難問に出会ってないので、特に疑問点はないです。

Pythonは、C++と違って、最後に「return 0;」のような終わりの決まり文句がなくて、新鮮でした。",1
497,Everly,5,,浮動小数やπの出力の仕方が何通りもあって、面白いと思いました。,1
498,Everly,6,,特になし,0
499,Everly,7,,特になし,1
500,Everly,8,,slackの#Pythonに送られてきている質問が課題40~50が多く、今まだ20問ほどしか解けていないことが、少し不安です。,1
501,Everly,10,,"パソコンを新しいものに変えたら、zoomがインストールできなくなりました。

今週もAOJ進めます。",0
502,Everly,12,,"久しぶりにzoomに参加しましたが、友達と一緒にやるのは楽しかったです。

今まで、1から順に解いていたのですが、今後は解ける問題から解くことにします!",1
503,Everly,13,,リストを使いこなせるようになると、便利ということにやっと気が付きました!!,1
504,Everly,14,,"特に印象に残っている問題はないけれど、リストが使えるようになると、とても便利だなと感じました。max,min,sumが一発で出力できるところが、便利です。",0
505,Faith,1,,"自分で調べつつ、問題を進めていこうと思いました。

AOJやSlackの登録はできていると思われます。",1
506,Faith,3,,AOJまだ序盤のため楽しいです。,1
507,Faith,4,,AOJの問題が解けると隣にビールのマークがつくのがかわいくてモチベーションにつながります。,1
508,Faith,5,,"バグなのか、wrong answer のテストケースが1件も見れないことがありました。

AOJの難易度がどんどん上がっていてやりがいがあります。",1
509,Faith,7,,いままで読みにくいプログラムも多かったので、読みやすいプログラムを書けるように努力したいと思いました。,0
510,Faith,8,,パイザで実行できたように思えたのに、AOJではうまくいかないケースがとくに難しいです。動画で教えていただいている通りにやっていますが、根気が必要だと感じました。,1
511,Faith,10,,AOJは実際にイベントや企業などで使えそうなプログラムが多いので、pythonやプログラミングがどのように社会に役立つのか少し想像しやすくなった気がしています。,0
512,Faith,13,,問題の解説がちょうど自分が詰まっていたところなのでありがたいです。,0
513,Faith,14,,"借金の問題や入力が多い問題が難しい印象でした。

リストの問題は多くの入力をまとめて処理できるので、役に立ちそうだなと思いました。",1
514,Gabriella,2,,"1人で設定など進めるのが不安でしたが、

スライドが分かりやすくAOJ登録出来ました。

Pythonもコツコツ頑張っていこうと思います。",0
515,Gabriella,3,,"最初は入力したプログラムの確認方法やAOJの使い方がわからなかったのですが、

試しているうちにできるようになり、だんだん楽しくなってきました。",1
516,Gabriella,4,,しばらく進んでいないので、これから頑張っていきたいです。,1
517,Gabriella,5,,"paizoではしっかりとできたのに、AOJでエラーがでてしまうのに悩んでいます。
 

 Slackで勇気をだしてそろそろ質問できるように頑張ります。",0
518,Gabriella,7,,全然進んでないので、焦っています。,-1
519,Gabriella,8,,"先週に引き続き、AOJの進度がかなり遅いので、

単位取得目標ラインいそいで目指します。",0
520,Gabriella,9,,"友達に喝を入れられ頑張っています。

質問も積極的に書き込めるようになりたいです。",1
521,Gabriella,10,,最低数に速く達して安心したいです!!,0
522,Gabriella,13,,"順調に進んでいっています。引っかかってしまったときは、

解説動画などを見て乗り超えています。残り少し頑張ります。",1
523,Gabriella,14,,"繰り返し構文に苦戦し、少しずつ頑張っていきました。

印象に残っている問題は、ゲームのログインボーナスの問題です。

私もゲームをよくするので、こうやってアリゴリズムが成り立っているんだな、

と毎回思う用になりました。",1
524,Genesis,3,,講義資料や動画がとても分かりやすかったです。,1
525,Genesis,5,,特にありません。,1
526,Genesis,6,,特にありません。,1
527,Genesis,7,,特にありません。,1
528,Genesis,8,,楽しかったです。,0
529,Genesis,10,,今週も1問解けたので良かったです。,1
530,Genesis,12,,アイスの話で盛り上がってたので楽しかったです。,1
531,Genesis,13,,毎回コツコツAOJ解けているので残りも頑張りたいです!,1
532,Genesis,14,,コッホ曲線の形が特徴的だったので、印象に残っています。,-1
533,Gianna,2,,今後どのように学習していけば良いのかが分かりました。AOJで問題を解く数を増やすことが、自分のためになることだと実感したため、これから頑張りたいと思います。,1
534,Gianna,5,,プログラム内容が正しくても、出力の際にスペースを入れ忘れることが多かったため、気をつけないといけないと思いました。,1
535,Gianna,6,,だんだんミスが多くなったり、難しいと感じる問題が増えました。,1
536,Gianna,7,,AOJをする頻度が下がっているのでもう少し進めていきたいです。,1
537,Gianna,8,,"繰り返しの最後の3問が難しくて1問に対しての時間がかかりました。

まだまだ目標ラインには遠いので頑張ります。",1
538,Gianna,9,,どんどん難しく感じています。,1
539,Gianna,10,,最近一問解くのにとても時間がかかります。,1
540,Glennda,2,,プログラミングもAOJも初めてなのでしっかり学習していきたい。,1
541,Glennda,5,,みんなと助け合いながら進めていきたい。,-1
542,Glennda,7,,少し遅れているので、頑張って進めます。,1
543,Glennda,8,,下北沢でカレーが食べた過ぎて、カレーのことを考えていたら一週間すぎてました。時間は勝手にたつので怖いです。今週はカレーではなくAOJについてもっと考えたいです。,1
544,Glennda,10,,プログラミングをやるのはこの授業が初めてで、もともとやっていた人たちでさえ70問目あたりでてこずってて、90問でA+の夢は消えたなと悟りを開いてます。,1
545,Glennda,12,,そろそろテスト勉強始める時期なので、AOJも一気に気合い入れて進めます!!!,1
546,Glennda,13,,2年生同じプログラミング初心者なので私も2年生と同じレポート課題がよかったな...と思っています。そして、後期履修をやめようかなと迷ってます。後期はどのような授業になりますか???初心者にはしんどいですかね?それとも気合いでなんとかなりますか?,1
547,Glennda,14,,私は1年で情報分野を全て落単するくらい情報分野が苦手でずっと避けてました。でも、理系としてプログラミングができないことが不安になり、この授業を取りました。いままでプログラミングの知識は一つもなく、初心者だったので1問目からしんどかったけど、フィボナッチ数列とかは面白いな、と思いました。,-1
548,Grace,2,,"まだ1問目のHello Worldしかやってないからなんとも言えないけれど、操作が合っているかわからず不安です。paiza.ioで「コード作成を試してみる」をクリックし、Python3を選んでコードを入力したらAOJにコピー&ペーストで貼り付ければいいですか。

また、動画での授業はありますか。あるとしたらどこで見られるのでしょうか(manabaかZoomか)",1
549,Grace,3,,機械があまり得意ではなく、Pythonには苦手意識がありました。しかし、AOJの課題が簡単な問題から並んでいるおかげで無理なく進められます。スライドも見やすかったです。,1
550,Grace,4,,(14)がわからない。RuntimeErrorになる。,1
551,Grace,5,,楽しさがわかってきた,1
552,Grace,6,,"スラックに(80)番台の問題が質問されていると焦ります。

第五回の講義資料の最後に「リストまでできます!」と書いてあったので頑張ってリストまで終わらせます。

今日、物理コースより情報コースの方が得意分野かもしれないと思いましたが、一度決めた道なので変えません。",1
553,Grace,8,,1問あたりにかける時間がだんだんと長くなっていって、ペースが落ちているみたいでしんどい。,1
554,Grace,9,,中だるみが来ました,1
555,Grace,10,,バイトが始まり忙しくなったので今までのように授業に取り組むことができなくなった。,0
556,Grace,13,,がんばります,1
557,Grace,14,,"最大の和

何回も質問して7時間かけて解いた問題を先生に10分で解かれたから。



文字列の問題や「Aさんのために~~するプログラムを作ってあげてください」系の問題はちょっと達成感があった。",1
558,Hadley,3,,AOJこれから頑張りたいと思います。,-1
559,Hadley,3,,AOJこれから頑張ろうと思います。,-1
560,Hadley,5,,パソコンが直りました,1
561,Hadley,5,,たくさん進みましたが難しいです,1
562,Hadley,6,,難しかったです。やっと20代まで来ました。,1
563,Hadley,6,,就活が不安です。,1
564,Hadley,7,,授業中以外でも少し進めようと思います。,1
565,Hadley,7,,家でのびのびPythonができるので楽しいです。,1
566,Hadley,8,,python 難しいです。AOJと平行してほかの基礎の見直しを使用かと思います。,1
567,Hadley,8,,少しコードが違うだけでエラーになるのでいやになってきます。頑張ります。,1
568,Hadley,9,,リストの使い方にもう少しなれたいです。,0
569,Hadley,10,,paizaで打ち込んでなぜエラーかわからないけれどとりあえず提出してみたものがそのままacceptになったりするのでpaizaが嫌になりそうでした,1
570,Hadley,10,,今週はパソコンの機嫌が良かったです。液晶をつなぐケーブルが緩かったみたいです。,1
571,Hadley,13,,AOJやろうと思っているのに手がつかなかったです。40問まであと少しなのでなんとか頑張りたいです。,-1
572,Hadley,13,,AOJも基本問題だと思いますが、基本問題ばかりやりたいです。,-1
573,Hailey,1,,面白そうだと思いました。,1
574,Hailey,5,,Zoomを見ながら同じ端末で作業すると時間かかるので自分で進めていこうと思います。,1
575,Hailey,6,,少し難しいです。,1
576,Hailey,7,,少し難しいです。,1
577,Hailey,8,,繰り返しが難しいです。,1
578,Hailey,9,,時間がかかりました。,1
579,Hailey,10,,ヒント見てわかりました。,1
580,Hailey,13,,なかなか進まないです。,1
581,Hailey,14,,チケットの売り上げです。,1
582,Hannah,2,,Pythonの問題を結構な量を解かなければいけないので大変そうだが、頑張って沢山解いてPythonへの苦手意識を克服していきたいなと思った。,1
583,Hannah,3,,AOJでwrong判定によくなり挫折しそうになるが、頑張っていきたい。,1
584,Hannah,4,,特になし,1
585,Hannah,6,,最近さぼりちなのでちゃんと計画的に進めようと思った,0
586,Hannah,6,,できるだけ進められるように頑張ります,0
587,Hannah,8,,"AOJがだんだん難しくなってきて、思うように進まなくなってきた。

だから、もう少し取り組む時間を増やして進むペースを速くしていきたい。",0
588,Hannah,9,,AOJを計画的に進めていきたい,1
589,Hannah,10,,AOJがさすがに難しく感じてきたのでそろそろZoomを活用していこうと思った。,1
590,Harmony,2,,Python未修なので頑張ります。,0
591,Harmony,5,,友達と同じグループになることで、気軽に質問し合えたので良かったです。,1
592,Harmony,6,,だんだん何となくではなく、確実にわからなくなってきました!!,1
593,Harmony,7,,ブレイクアウトルームが楽しいです◎,1
594,Harmony,8,,まずは単位取得に向けて頑張りたいと思ってます、、、,-1
595,Harmony,10,,1週間に一度は、ちゃんと取り組むようにします。,1
596,Harmony,12,,久々に仲良しルームに参加して、楽しかったです。,1
597,Harmony,13,,レポート課題が恐怖です、、、,-1
598,Harmony,14,,どれもこれも難しくてヒーヒー言ってました、、、。,-1
599,Harper,1,,以前使っていたアカウントでAOJにログインしたのですが、それでよろしかったでしょうか。また、今まで解いた問題もPythonで解きなおした方がよいのでしょうか。,1
600,Harper,3,,少し手惑いながら頑張っています,1
601,Harper,4,,今日はハーゲンダッツのクリスピーアイスを食べました、美味しかったです。,1
602,Harper,5,,近所のスーパーに売っているモンブランプリンがおいしいです。,1
603,Harper,7,,バイトが始まってストレスフルな生活が始まりました、つらいです、お家にいたいです。,1
604,Harper,7,,段々AOJの難易度が上がってきて進みが悪くなってきて心が折れそうです。バイトも嫌です。メロンパン食べたいです。,1
605,Harper,10,,バイトが再開してからなかなか思うようにAOJが進められなくて困ってます。バイトがなければ、、、,1
606,Harper,12,,少し前に飲んだ杏仁豆腐フラッペがすごくおいしかったです。,1
607,Harper,13,,最近なかなか思うようにAOJが進まず心が折れかかっています。。。,1
608,Harper,14,,(46)未提出者は誰だ?をやっているときに西田先生が役に立ちそうとおっしゃっていたのが印象的でした。,1
609,Hazel,2,,写真つきでわかりやすかったです。これから挑戦してみます〜,1
610,Hazel,3,,進め方に関しては特に問題なさそうです。毎回出席頑張ります,1
611,Hazel,4,,特になし,1
612,Hazel,5,,特になし,1
613,Hazel,6,,今週もありがとうございました,1
614,Hazel,8,,夜布団に潜っても全然眠くならないのに、昼間机に向かっているとただひたすらに眠いです。暇なのでお勧めの映画を観ます・・,1
615,Hazel,12,,気付いたらそろそろ前期授業終わりなのですね。資料だけ覗くつもりがレポート課題があって今驚きました zoomでプライベートでエンカウントしてしまった話が印象強かった笑,1
616,Hazel,13,,詰んだプログラムを、的確なアドバイス通りに直したら解けました。田村さんすごかったです。,1
617,Hazel,14,,文章の中から文字列を探す問題が印象に残っています。元の文が途中で途切れているならば*2で繰り返せば良いのだな〜と友達に聞いて感心しました,1
618,Iris,1,,使うサイトなどが多くて大変だと感じました,1
619,Iris,5,,先週は練習を怠ってしまったので、今週は頑張ろうと思います。,1
620,Iris,6,,個人的に、3問目がよくわからないので、資料でもう少し詳しく説明して頂けると嬉しいです。,0
621,Iris,7,,AOJが難しくなってきて進みが遅くなりました。頑張ります。,1
622,Iris,8,,AOJの問題の20~30はゆで卵レベルとありましたが、それどころじゃないです。でも一つの塊は似たような問題なので、その時々に覚えるべきことは何かが分かりやすいのは勉強しやすいポイントだと思いました。,1
623,Iris,9,,課題(21)以降、急に難しくなり、進まなくなってしまったので、zoomなども参加しようと思います。,1
624,Iris,10,,"AOJが進んでいなくて焦っています。焦らず急ごうと思います。

先生の見本のような簡潔なプログラミングがなかなかかけません。",1
625,Isabel,3,,AOJの進め方、やり方の説明がわかりやすかったです。,1
626,Isabel,5,,"説明がわかりやすかったです。

(13)時計の問題が難しいです。",1
627,Isabel,6,,問題が難しいです。,0
628,Isabel,7,,"print('Hello World\n' * 1000, end='')

結果としてはHello World が1000回出力するのはわかるのですが、

なんで¥n、end=''を使うのかよくわかりません。",1
629,Isabel,8,,"毎回とても分かりやすいです。

グループが少人数になって質問しやすくなりました。",1
630,Isabel,9,,わからないところを教えてもらってとてもよかったです。,1
631,Isabel,10,,だんだん内容が難しくなってきて、進むペースが落ちてきたので、もっと頑張りたいです。,-1
632,Isabella,2,,倉光先生がとてつもなく凄い方であることがわかりました...。私は一年生の時に受けたプログラミングの授業の課題で何時間ねばっても調べても全然できなくてとても苦手意識があるのですが、頑張りたいとおもっております。私にはもったいなすぎるほど優秀な先生に教われて大変光栄です。よろしくお願いいたします。,1
633,Isabella,3,,"少数人数制の方が意見が言いやすくてありがたかったです!

全然去年はPythonわからなすぎて理系辞めたいと思ったくらいなのに先生の説明と資料すごいわかりやすくてやる気出ます!!ありがとうございます。",1
634,Isabella,4,,連続でうまくいくとすごいやる気が出て一気に進みますが、何回もやってできない問題があるととんでも萎えます。もう、憂鬱でしかなくなります。頑張ります。これからも、頑張ります。,1
635,Isabella,6,,スランプです。難しいです本当に。,-1
636,Isabella,7,,行き詰まりすぎて毎日泣きそうです。頑張ろうと思います。,-1
637,Isabella,8,,"やる気が、、いや、今から睡魔に負けるまで闘います。どうか検討を祈っていてください。

次の授業までにまでに目指せ70.、、。頑張ります。",-1
638,Isabella,9,,"そろそろZoomに参加しようと思います。限界、、を感じている今日この頃です、、。

六月中に60行きたかった、、。",0
639,Isabella,10,,AOJ今度こそやります。中間レポートに追われる日々で手を付けられないとかいう言い訳も辞めます。そしてシンプルに問題が長すぎてもはや何を問われているのか理解できない問題がいくつかあります。,1
640,Isabella,13,,"最後らへんがとてつもなく難しい、、今週中に90問終わらせようと思います。頑張ります。

この授業スタイルのお陰様で非常に実力がついたというかやり方等いろいろ分かり、自力でといて行くスタイルをとってくださった先生に非常に感謝しております。いつもありがとうございます。",1
641,Isabella,14,,"90問やっとこえました!!!!こんなに自力でプログラミング頑張ったの初めてなので達成感でいっぱいです、、わからない問題をいくつかとばして途中までやって放置してたので調子出て一気にできた時の喜びがすごかったです。

最も印象に残っている問題がなん番か覚えていないのですが情報オリンピックの過去問題でした。もうとにかく考えすぎてすごい覚えています。たしかforループだったきがしますが頭が弱すぎて去年から多重ループが苦手ですぐこんがらがってしまうのですが無事できて本当によかったです。脳トレをひたすら解いている気分で少しは頭が柔らかくなっていることを祈ります。不安で不安で仕方ありませんでしたが少しは克服できました。先生の授業をとれて幸せです。本当にありがとうございます。",-1
642,Isabelle,2,,最初AOJの使い方があまりわからず、提出したら正しく実行されなかったけれども、いろいろ触ってるうちにわかるようになりました。いろんな問題を見て難しそうだと思ったけれど、この授業の終わりにはすべて正しく実行できるようにしたいです。,1
643,Isabelle,5,,Zoomで話し合える環境があってよかったです。,1
644,Isabelle,6,,だんだん難しく感じてきて一つの問題に時間がかかるようになった。でも1年生の時より全然できるようになってうれしい。,1
645,Isabelle,7,,AOJの21番以降から問題が少し面白くなってきたなと思いました。,1
646,Isabelle,8,,どう実行文を書いたらいいのかわからずにいろんなサイトで調べたり、去年の資料見ていたら時間がかかりすぎて全然進まないです。頑張ります。でも、去年よりは楽しいです。,1
647,Isabelle,9,,zoomの最初の雑談が結構好きです。どのくらいのペースで進めたらいいのかわからないのですが、みんなは授業以外で進めてるのかどうか気になります。,1
648,Isabelle,10,,"実行文が完成して提出しようとコピー押したつもりが違うところを押してしまいpaizaごと消えて悲しくなりました。

解いた数が少なくてやらないと、と思っているので授業以外でもやってみようと思います。",1
649,Isla,3,,"資料などとても分かりやすく、勉強のやる気が湧いてきました。

パソコンの調子が良くなく、日本語が打てなくなり、今もスマホから提出しています。

不安な点もありますがよろしくお願い致します。",1
650,Isla,5,,難しくなってきました。,1
651,Isla,6,,難しいです,1
652,Isla,8,,"難しくて1人じゃ出来ません...。

なかなか進める気がおきないですが、頑張ります。",1
653,Isla,10,,"本日、家の用事で欠席してしまいました。



AOJもあまり進んでいないので来週は必ず参加します。",0
654,Isla,13,,"ともだちががんばってくれたので来週ディズニーいけることになりました!!

なので今週はAOJ頑張ります。",1
655,Ivy,2,,AOJを利用してpythonでのプログラミングを上達させていきたいと思いました。,1
656,Ivy,5,,少しずつ頑張ってやってます。,1
657,Ivy,6,,AOJに取り組んでだんだん難しくなっているのを感じますが、地道に進めていきたいです。,1
658,Ivy,7,,だんだん難しくなってきたなと思ったら簡単なのもたまに出てきて驚いてます。地道にAOJ頑張ります。,1
659,Ivy,8,,書いたプログラムでAOJのSample Inputの通りに入力してSample Outputの通りの答えが出たときのプログラムに細かいミスがあるときに気づけないのはとても悔しく思います。今後は注意深く見直したうえでAOJ頑張っていきたいです。,1
660,Ivy,9,,これからも少しずつ進めて頑張っていきたいです。,1
661,Ivy,10,,進むペースがかなり落ちてきましたが今後も毎週少しずつ頑張っていきたいです。,1
662,Ivy,13,,残り少ないですがAOJ頑張っていこうと思います。この問題は解けそうと思ったものでついついミスを発生させてしまうのは気を付けたいです。,1
663,Ivy,14,,"(29)借金

提出するときのミスが今までで一番多かったため。",1
664,Jade,2,,情報は苦手ですが、勉強して得意になりたいです。,0
665,Jade,3,,Runtime Errorがよく出てきてしまいます。これは何が問題なのでしょうか。,1
666,Jade,6,,資料にヒントが書いてあるので、問題を解決しながら取り組むことができ、やりやすいです。授業中に友達と相談しながらできるので、着実に進めていけています。,1
667,Jade,6,,今週は他の課題が多かったため、問題は解けていません。,1
668,Jade,8,,while文を使う問題をやりました。少し難しくなってきたので、調べたり、先生に質問したりしながら頑張りたいと思います。,1
669,Jade,9,,難しい問題に入ってきているので、1問に一時間近くかかりますが、くじけず頑張りたいと思います。,1
670,Jade,10,,while文を使いこなせるようになりたいです。,1
671,Jasmine,3,,プログラミングは苦手なので、AOJでたくさん練習したいと思います。,1
672,Jasmine,5,,AOJもっと進めたいけど全然進まない。,1
673,Jasmine,5,,AOJ難しくなってきて、あんまり進められなかった。,1
674,Jasmine,7,,先週が全然進まなかったので、今週で遅れを取り戻したいです。,1
675,Jasmine,8,,"先生と先輩方にたくさん教えてもらって

借金の問題、解けた時はうれしかったです!",1
676,Jasmine,9,,1問解くのに相当時間がかかって、疲れました。,1
677,Jasmine,10,,頑張って進めていきたいと思います!,0
678,Jasmine,13,,レポート頑張りたいと思います。,1
679,Jasmine,14,,ソーシャルゲームが、たくさん間違えてacとったので印象に残りました。,1
680,Josie,3,,Pythonが苦手で、そもそもパソコンに弱いからこういった内容の授業はとても不安なのですが、資料に”練習した分だけ書けるようになる”と書いてあったので、たくさん練習して、仕組みをしっかり頭で理解し、Python書けるようになりたいです。これから宜しくお願い致します。,1
681,Josie,5,,そろそろ内容的に苦戦し出しそうなので、先生の授業をしっかり聞いて、資料を見ながら、自分で大事だと思うところはしっかりまとめてノートに残そうと思います。,-1
682,Josie,6,,AOJは最低でもどこまで解けてればいいんでしたっけ?,-1
683,Josie,7,,倉光先生は色んな例え話を交えて説明してくださるので、とても分かりやすいです。,-1
684,Josie,8,,"(前回第6回の講義資料を見て感想書いてしまったかもしれません(汗)。すみません。)

AOJ最低でも40はいけるように頑張ります。",-1
685,Josie,10,,ものすごい量の文字列があって驚きました。よく出てくる文字列はしっかり頭に入れておきたいと思います。,-1
686,Julia,3,,難しかった,1
687,Julia,5,,数学の問題のようだった,1
688,Julia,6,,書き終えたと思ったら問題にふさわしくないプログラムを書いていた。,1
689,Julia,7,,少し進んだ,1
690,Julia,8,,ミスが少なくなったのがうれしい,1
691,Julia,9,,難しかった,1
692,Julia,10,,フィボナッチ数列をプログラミングでやるとは思っていなかった,1
693,Kaylee,1,,"わかりやすかったです。

これからよろしくお願いします。",1
694,Kaylee,3,,"問題なく進められています。

ログインボーナスを求める問題が面白かったです。",1
695,Kaylee,5,,"21くらいから難しくなってきて手が進みづらくなりました。

調べながらやればなんとかなるので、がんばります。",1
696,Kaylee,6,,どうでもいいことなのですが、プログラミング課題2020の目次で、72番の「ミンコフスキー距離」が「リミンコフスキー距離」になっています。,0
697,Kaylee,6,,発想が大変になってきました,0
698,Kaylee,9,,文字列リテラルのことがわかりました。,1
699,Kaylee,13,,先週は他の授業の課題で忙しくあまり進められなかったから今週はがんばりたいです。,0
700,Kaylee,14,,"(20)ソーシャルゲームの問題が面白かった。

そのほかにも、莫大な数の繰り返しが必要なものや大きな数を扱う問題は

プログラミングを使って解決すると楽でいいなと思った。",1
701,Kennedy,3,,自分から問題を解くことによって、pythonの知識が身につきやすいと思うし、とても良いと思います。気軽に質問できる環境を作ってくれているのはとてもありがたいです。pythonの知識はあまりないのですが、AOJを通して、これから身につけられるように頑張ります。,1
702,Kennedy,5,,みんなより遅れている気がするので頑張ります泣,1
703,Kennedy,6,,1対1の部屋が自分にすごくあっていて、付きっ切りで教えてもらえたおかげでできるようになってきた気がします!,1
704,Kennedy,7,,頑張ります!,-1
705,Kennedy,8,,"難しくて、ペースが落ちて今週はほとんどできなかったんですけど、A+とれるように頑張ります!!!

来週までに60まで終わらせるのが目標です!",-1
706,Kennedy,10,,最近問題が難しくなったのもあり、なかなか進められてないですが、今週はもっと頑張れるように頑張ります!!!!,-1
707,Kennedy,12,,zoomに2週間ぶりに参加しました!AOJの問題が難しくなってきたことから、モチベが下がってしまっているのですが、またzoomにも毎週参加して頑張ろうと思ってます!,-1
708,Kennedy,13,,"うっかり寝坊してしまい、zoomに参加できませんでしたすみません〜泣

これから気を引き締めて頑張ります・・・",-1
709,Kennedy,14,,ゲームにログインするたびにコインがもらえて、一週間ログインするとログインボーナスがもらえる設定のコインの数を求める問題です。応用すれば、色々なプログラムをかけそうだなと思いました。,0
710,Khloe,2,,"たくさん問題を解いてPythonを使いこなせるようになるまで頑張ろうと思います!

私は信じます!どうかお救いください!!",1
711,Khloe,3,,"AOJでなかなか成功しなかったり、どうプログラムすればいいかわからなかった問題ができたとき達成感が得られて嬉しいです。

どんどん解いて、いい評価をいただけるようにがんばります。",1
712,Khloe,4,,最近あまりできていないので、土日に頑張ってやろうと思います。,0
713,Khloe,5,,特にないです,1
714,Khloe,7,,難しくなってきたのでどうにか頑張りたいとおもいます!,-1
715,Khloe,9,,自分のペースで進めていきたいと思います。,1
716,Khloe,10,,基本的なことを忘れてて検索かけることが多いので自分の力だけで全部プログラムを書けるようになりたいと思いまいした。がんばります!,-1
717,Khloe,13,,"オンラインだとどれくらいみんなが進めているかがわかりずらいですがこの授業ではデータを見せていただけるのでとてもありがたく思っています。

皆に置いていかれないように私も頑張ろうと思います。",0
718,Khloe,14,,"お金の問題です。

普段アルバイトでレジうちをやっていて、この機械もあのコードで動いてるのかなと思うと面白かったです。",1
719,Kiara,1,,"AOIは初めて使うのでよくわからない、難しそう。

プログラミンングには自信がないので不安です。",1
720,Kiara,3,,講義動画を復習としていつでも見れるのが嬉しいです。,1
721,Kiara,5,,AOJ頑張ります。,-1
722,Kiara,6,,AOJもっと進めないといけない!と思いました。,0
723,Kiara,7,,いつもよりAOJを進められた。,1
724,Kiara,8,,今の所は自分で調べて進められている。,1
725,Kiara,10,,AOJの進みが遅いので、週に2、3回は空いた時間に取り組もうと思います。,0
726,Kiara,12,,もう第10回だ!もう少しAOJを進めようと思いました。,1
727,Kiara,13,,"AOJは、わかると楽しいなと思いました。

自分で調べてAOJを解いていくというオンライン授業のやり方は、とてもいいと思います。",1
728,Kiara,14,,印象に残っている問題は、お釣りを計算する問題です。,0
729,Kinsley,2,,AOJの存在を今回初めて知ったので、これから活用して力をつけていきたいと思いました。,1
730,Kinsley,5,,今週は授業外の時間で全く進められなかった。最低でも一日一問やるようにして、継続していかないと見につかないといおもうので、意識していきたいと思った。,1
731,Kinsley,6,,forで答えることが多く、時間があったらwhileでも書き換えてみたいなと思った。,1
732,Kinsley,7,,paizaではでできてたが、提出してエラーが出たときに、何がいけないなか探すのに時間がかかってしまうので、プログラムを書く段階で、問題の条件と出力結果をしっかり反映できるように気をつけたいと思いました。,1
733,Kinsley,8,,そろそろペースアップしていかないとと、他の子たちが結構やっているのをみていて焦っているところです。頑張ります。,1
734,Kinsley,10,,新しい関数が出てくるとすごく面白いけど、すぐ忘れてしまって、「あっ、ここ、この前使った関数使える!」とおもっても、なんだっけ?っでなってしまうので似たような問題を数といて、慣れたいと思った。また、最近難しい問題をどんどん飛ばしていく癖がでてきてしまった。,1
735,Kinsley,12,,そろそろスピードを上げて問題を解いていかないといけないなと思ったので、頑張ります。,1
736,Kinsley,13,,オンライン授業について、先生方の対応の差が大きいなと思いました。ここで書くのも変な話なのですか...同時双方向型や動画であればいいのですが、ある先生で音声と手書きのスライドを別々で毎回送る形の先生がいて、対面ですら難しい内容なので、わかりずら過ぎて全然理解できない上に、授業内で例題を扱ってもらえず、演習問題も解答を教えていただけないので、めちゃくちゃ困ってます。先生方で授業の方法を揃えていただけたらと思ってます。,1
737,Kylie,2,,"AOJ沢山ときたいなと思いました。

楽しみです。",1
738,Kylie,3,,3、4人だとわからないところがあったとき、先輩などに質問しやすかったです。,1
739,Kylie,4,,他の人の質問が自分の謎を解明してくれた。,1
740,Kylie,5,,あまり時間がなく最近あまり進んでいないので頑張りたいと思います。,1
741,Kylie,7,,がんばります。,1
742,Kylie,8,,"最近ペースが落ちてきたので頑張りたいです。

関係ないですが犬飼いたいです。",1
743,Kylie,9,,後期もzoomなのは正直嬉しかったりします。AOJ進めます。,0
744,Laila,1,,わかりやすかったです。,1
745,Laila,1,,わかりやすかったです。,1
746,Laila,3,,わかりやすかったです。,1
747,Laila,3,,わかりやすかったです。,1
748,Laila,4,,Google Colaboratoryを使いこなせるようになりたいです。,1
749,Laila,4,,Google Colaboratoryを使いこなせるようになりたいです。,1
750,Laila,5,,難しくなってきました。,1
751,Laila,5,,オンライン授業になってからとてもまじめになりました。,1
752,Laila,7,,AOJが進まなくなってきました。,1
753,Laila,7,,プログラミングが楽しくなってきました。,1
754,Laila,8,,単位取得の目標ラインの半分いってないので、zoomに参加しようと思います。,1
755,Laila,8,,アルゴリズム力で解けるように頑張りたいです。,1
756,Laila,9,,複素関数論の中間が終わったらAOJ頑張ろうと思います。,-1
757,Laila,12,,深層学習をすることによって、画像認識や自然言語理解が出来るのはとてもすごいと思いました。倉光研の内容は難しそうだけど、楽しそうだなと思いました。,1
758,Laila,13,,AOJの成績の基準は何問だったか忘れてしまいました、、、。最近どんどん自分の力で解けるようになり、楽しくなってきました。,1
759,Laila,13,,最近自分でしっかり解けるようになり、楽しくなってきました。レポートも頑張って出そうと思ってます!,1
760,Laila,14,,やっと最低ラインの50問解き終わりました。印象に残っているのは50番の最頻値です。なかなか解けなくて色々自分で調べながら粘り強く説いたのでとても印象に残っています。,1
761,Laila,14,,"やっと最低ラインの50問解き終わりました。この二日間ずっとAOJを解いていました。

印象に残っているのは50番の最頻値です。なかなか解けなくて色々自分で調べながら粘り強く説いたのでとても印象に残っています。",1
762,Layla,2,,AOJで色々な問題に挑戦したいと思います。頑張ります。,0
763,Layla,5,,だんだん難しくなってきましたが頑張ります。,1
764,Layla,6,,授業で友達同士で相談できるので楽しいです。,1
765,Layla,7,,てふさんにインターンについて聞けてよかったです。,1
766,Layla,8,,ブレイクアウトルーム楽しいです!,1
767,Layla,14,,"(94)リンゴとモモ

コードは単純で印象には残っていませんが、実用性はあるなと思いました。

例えば、レポートを書いている途中に間違った数値を書いていたことに気づいたら、

探して修正するのは手間がかかるし、修正し忘れる可能性もあるので、この機能を使えば正確かつスピーディーに訂正できると思います。",1
768,Leah,1,,講義資料が分かりやすかったので、迷うことなく登録することができました。,1
769,Leah,3,,"自分のペースで好きな時間に進められるので、すごくいいなと思いました。

今の時点で10問終わったのでこれからは難しい問題が増えていく気がしますが、しっかり考えて進めていきたいなと思います。

目指せ100問!",1
770,Leah,4,,最初に飛ばしすぎたせいか、(20)から行き詰ってしまいました。進めたい気持ちはあるのにerrorが多く、イライラしながら頑張っています。笑,1
771,Leah,5,,Zoomで友達と相談しながら問題を解決できるので、ずっと悩んでた問題も自分とは違う意見があり、自分のプラグラムの間違いに気づくことができた。、また、先生が巡回してくださるので、わからないところを質問するとヒントをくださり、悩んでた問題が解決できた。,1
772,Leah,6,,"コッホ曲線で心折れました。

今週は週4でAOJをしていたので他の課題がたまってしまい変な気持ちになりました。笑",1
773,Leah,8,,"50の最頻値が解けなくて心が折れました。

なので今まで我慢してきたスナック菓子をやけ食いしそうです。



また、目白際について話を聞いていただきありがとうございました。",1
774,Leah,10,,他の課題やバイトに時間をとられて2週間くらいAOJができませんでした。久しぶりに今日やったら基礎中の基礎すら忘れていたので定期的にやるのが大切だなと思いました。,1
775,Leah,12,,A+まであと30問もあるので、計画的にやって頑張ろうと思います。内容は難しくなるけど、たくさん調べてGoogle先生と仲良くなりたいです。,1
776,Leah,13,,A+とりたいです。AOJ頑張ります。でもまだ希望が見えてきません。かなしいです。,1
777,Leah,14,,"22 チケットの売り上げ

一番最初につまづいた問題なのでとても印象に残っています。

チケットだけでなく、メニューなどほかのものにも応用が利くと思うので、幅広く使えるのではないかなと思います。",1
778,Leilani,2,,特になし,0
779,Leilani,3,,ビールの絵文字が可愛くてセンス良すぎ!と思いました。,1
780,Leilani,4,,"パイソン の参考書の購入を考えていたのですが、種類が多く、

これだと簡単だし、これだと難しすぎるし、、、といった感じで困りました。",-1
781,Leilani,6,,パイソンだとc言語よりも短くかけたりするのでいいですね!,1
782,Leilani,7,,痴漢区の本屋さんには参考書の種類が少なく詰んでいるのが最近の悩みです。,1
783,Leilani,8,,"このコードを使って描きたいけど

エラーになるから違うコードで回答したがせっかく聴ける環境を作ってくださっているから質問すればよかったなと思いました。(コードは消してしまった)",1
784,Leilani,10,,総ステップ数を記入する機会があったのですが、どのくらいの値だとプログラミング頑張っているなということを表せるのでしょうか。,1
785,Leilani,12,,"最近ネット環境がとても悪く12時から17時くらいにかけて全然繋がりません。

辛いです。",1
786,Leilani,13,,Pythonで今までの数学の計算ができるのはとても便利ですね。,0
787,Liliana,2,,資料、動画の二つから今後の授業の取り組み方が理解できました。頑張ります。,1
788,Liliana,5,,先週から2問しか進めていません、、ペース配分してやるようにします。,1
789,Liliana,6,,楽しいです!,1
790,Liliana,7,,わからないところは今のところありません。,0
791,Liliana,8,,20問目の回答例があまりにも短くて、もっと効率のいいソースコードを書けるようになりたいと思いました。,1
792,Liliana,9,,"zoomに参加しないと怠けてしまうので参加しました。

プログラムが長くなりがちですが、思いつく通りに書いてます。

大体大丈夫だと思います。",1
793,Liliana,10,,"A='abcde'

'ab' in A

のようなプログラムを書いたとき、TrueかFalseはprint()を使わなくても出力されますか?",0
794,Liliana,13,,AOJに提出したときに、出力までに時間がかかって間違いにされてしまうのは、何が原因でしょうか...,0
795,Liliana,14,,"48

プログラムの処理速度について理解する、いい機会になりました。",1
796,Lilly,2,,特にないです,0
797,Lilly,5,,とくにないです,1
798,Lilly,6,,特にないです,1
799,Lilly,7,,とくになし,1
800,Lilly,8,,課題一覧に載ってないけどAOJにある問題はもし時間があるときに解いておくといいものですか,-1
801,Lilly,9,,基本プログラムはコードがちょっと違くても同じ処理ができるものですが、他の人と見比べたり一緒にコード組むときはやり方が違うとわかんなくなっちゃったりする気がする。そういうことを考えるとある程度は同じコードになるような標準の組み方なるものがあったりしそうなんですけど実際はどうなんですか。,-1
802,Lilly,10,,応用技術者試験を受けるメリットはどれぐらいありますか、基本技術者だけでもよいとよく聞く気がします。,-1
803,Lilly,13,,引き続きAOJ頑張っていきたいと思います。,0
804,Lilly,14,,フィボナッチ数列やコッホ曲線をプログラムとして組み立てて計算できるようになるのはいいなと思った。,1
805,Lily,1,,丁寧でわかりやすい資料だったと思います。,1
806,Lily,3,,paizaでプログラムを実行する時の複数の数字の入力方法がわからないです。,1
807,Lily,4,,python楽しいです。挫折した他の言語もまた挑戦したくなりました。,1
808,Lily,5,,コッホ曲線はどう取りかかればいいのかも分からないので飛ばしました。,1
809,Lily,6,,問題番号60を超えたあたりから詰まってきたんですが、頑張りたいです。,1
810,Lily,8,,今日のパワポを見て自分に足りないのは数学力だなと思いました。最近正しいプログラムが組めても、もっといい方法があるんじゃないかと考えることが増えたので意識していこうと思います。,1
811,Lily,9,,この前ついに90問を達成しました。まだやり足りないのでこれからもちょこちょこ進めていこうと思います。,0
812,Lily,10,,だんだん問題が難しくなってきて、一題にかかる時間も増えてきました。目がすごく疲れます。,1
813,Lily,13,,(89) CamlCase も解説していただきたいです,-1
814,Lily,14,,(67)組み合わせの数は使うループの数が多くてとても頭を使った。,-1
815,Lucy,2,,今までのプログラミングの授業では、自分が書いたプログラムが正しいかどうかを知るには、自分で様々な値を入力して確かめていたが、AOJは自動的に瞬時に判断してくれるため、確認の作業の時間が以前と比べて短縮されたと実感した。AOJを用いると、ゲーム感覚でプログラミングをしている気分になり、問題を次から次へと解きたくなりました。,1
816,Lucy,5,,先週考えてもなかなか解けなかった問題が、時間をおいて考え直したら今日の授業中に解けたのでスッキリした。,1
817,Lucy,6,,授業中に問題1個しか解けませんでした。なので、休日に進めたいと思います。,1
818,Lucy,7,,AOJの下の方にヒントがあることを初めて知りました。先生に聞いた後、分からなかった問題がすぐに解けました。ありがとうございました。今後もAOJで躓いたら、積極的に質問しようと思いますのでよろしくお願いします。,1
819,Lucy,8,,趣味が復活しそうなので、時間があるときにAOJを進めておかないといけないなと感じた。問題が難しくなって解く時間も以前よりもかかるなと感じた。,0
820,Lucy,9,,そろそろAOJ頑張らないといけないなと思ったので、頑張りたいと思います。,1
821,Lucy,10,,文字列の問題が比較的簡単で、順調に解けたため、その勢いで今週は頑張ることが出来ました。来週もAOJ頑張ります。,1
822,Luna,3,,"AOJの解き方に少し戸惑いましたが、動画があったので無事にできました。

普段はiPadで他の授業を受けているのですが、iPadではpaizaでソースコードのコピーができませんでした。パソコンもあるので問題はないですが、iPadではできないのでしょうか。自分のやり方が間違っているかもしれないので、iPadで行う方法があれば教えていただきたいです。",1
823,Luna,5,,時々pythonのやり方を忘れていることがあるので、Colabにまとめられているpython入門を活用しながらAOJに取り組もうと思います。,1
824,Luna,6,,プログラムを作るとき何から始めればいいか、たまに混乱するのですが、順序を意識すれば作りやすくなるかなと思いました。,-1
825,Luna,7,,空白とタブが混ざって起こるエラーは、どこが違っているのかが少し分かりにくくてたまに困ります。,0
826,Luna,8,,AOJでエラーがずっと続いてしまった時などに他の人の解答を見ることがあるのですが、人によってプログラムが様々で、この方法でもできるのかと見ていて少し面白いです。,1
827,Luna,9,,"リストについての細かいことは忘れかけていたので、思い出すことができてよかったです。

リストとタプルはそれぞれどのようなときに使って、どのように使い分けるのでしょうか。",0
828,Luna,10,,"\を使った記述方法や文字列メソッドの種類が少なくはないので、慣れるまでなかなか使いこなせなさそうに思いました。

また、「s in t」という短いプログラムだけで文字列sが文字列tに含まれているかを判断できることに少し驚きました。",1
829,Lydia,2,,AOJのアカウントは、計算機数学1の時のものと同じでも構いませんか?,0
830,Lydia,5,,今日も頑張りました。,1
831,Lydia,6,,"1週間色々とあって心が死んでいました。

この1週間は貯めた課題の処理に追われます。

インターンの申し込みも始まり、自分を見失いそうです。",1
832,Lydia,7,,先生たちは私の1日が48時間あると思っているのか、課題が多すぎて毎日瀕死です。冗談抜きで瀕死です。睡眠時間、食事の時間がどんどんなくなっていきます。,1
833,Lydia,8,,"他の授業の課題が多くて、なかなか手が回りません!!!

自分に甘い自分が嫌いになります。",1
834,Lydia,10,,父の転勤のためにすべての家電が最新になりました。機能がたくさんありすぎて使いきれません。,1
835,Lydia,12,,"先週中高生時代の友人が交通事故に遭って逝去してしまいました。

いつになったら暗い時期が終わるのでしょうか。

本当に辛いです。20歳で亡くなり、一人娘を亡くしたご両親を思うと苦しいです。

というわけで、AOJ含めその他課題に取り組めませでした。",1
836,Lydia,13,,"オンライン授業って孤独との戦いですね。

会社が通常に戻り、スポーツジムも再開し、気づいたら1日の大半を一人で過ごしています。はじめの頃は父と一緒に授業受けたり、テレワーク中の姉にうるさいと怒られ、母に家事を手伝わされたりしていたのに、最近は静かです。専業主婦の母がスポーツジムに毎日通う気持ちがとても分かります。

この授業は全然孤独を感じないので楽しいです。こんな感じで友達と一緒に全授業を受けられたら、オンライン授業も耐えられそうなんですが...",1
837,Lydia,14,,"(38)ICPC得点集計ソフトウェアの問題が面白いと思いました。

問題文のイラストが印象的でした。",1
838,Lyla,2,,数値計算法とデータ構造とアルゴリズムを今年同時に履修しているが、アカウントは1つで大丈夫ですか?,0
839,Lyla,2,,数値計算法のものと同じユーザIDなのですが、大丈夫でしょうか?,0
840,Lyla,5,,Ifや割り算で少し躓いていたが、授業で解決できてよかった。,1
841,Lyla,5,,動画の更新ありがとうございます。,1
842,Lyla,6,,1つのプログラムにもいくつかの書き方があるんだなと実感しました。,1
843,Lyla,6,,Pythonはすごいというかラクだと思った,1
844,Lyla,7,,みんな飛ばしながらやっているんだなと思った。,1
845,Lyla,7,,スラックの機能を有効に使おうと思った。,1
846,Lyla,8,,なかなか自分で時間を見つけてAOJを進められない...,1
847,Lyla,8,,もう少し自分で時間を作ってAOJを進めたい...,1
848,Lyla,9,,AOJに加えて動画も見て学習を進めていきたいなと思います,0
849,Lyla,10,,最近はzoomだと画面上やりにくくて、同じ時間に自分でやってみています。,1
850,Lyla,10,,"もうすぐ7月で色々焦りを感じます...

動画も学習します。",1
851,Lyla,12,,久しぶりのzoom演習は、友達とグループを初めて作って参加したが色々情報共有もできてよかった。,1
852,Lyla,13,,"後期もオンラインは、コロナの影響を考えると不安もあるので、大学に行かなくていいのはいいなと思うが、、みんなに会いたいし、授業を考えると対面のが良いなぁ...と思う。

就活も不安が募る...",1
853,Lyla,13,,"後期もオンラインでも、夏の集中講義はあるのか。都外に住んでいるので、余計に移動など含め不安...。

AOJ最後の追い上げ、頑張ります。",1
854,Mackenzie,2,,まだよく分からないがACがつくと嬉しい,1
855,Mackenzie,3,,間違えやすいバグについても実際に講義内で説明してくださっていたので問題なく進められました。AOJは難しそうでなかなかやる気が出なかったがやり始めるとゲーム感覚でクリアしていくのが楽しかったです。ただ自力で進めたい反面、調べて考えてやるより講義内でもっと簡略化できる方法を説明してくれるのではないかなど考えてしまうので「◯回の講義で課題の○番目までの内容をやる」という見通しができると嬉しいです。(Python初心者で初回授業で提示された各講義内容と課題内容がいまいち結び付けられないため),1
856,Mackenzie,5,,頑張ります!,-1
857,Mackenzie,6,,最近全然進まないので頑張ります!,0
858,Mackenzie,7,,最近また内容が難しくなってきましたが、C言語との違いや似ている部分を探しながらPythonを進めることが楽しいです!,1
859,Mackenzie,8,,難しくて1問にかなり時間がかかってしまいますが、毎日pythonを触って1問でも考えると解説動画に戻らなくても自力で書けるコードが増えてきて嬉しいです。今後も頑張ります!,1
860,Mackenzie,10,,最近AOJに取り組めていなかったので、今日今から進めます!,-1
861,Mackenzie,12,,人工知能に興味があったので今回の深層学習の内容はとても興味深かった。講義資料内で出てきた自動運転やAlpfaGOの例もそうだが、日常生活で使っているものも深層学習によって不可能だと思われていたことが実現されていった歴史を知れるのも面白かった。,1
862,Mackenzie,13,,Pythonで代数計算もできるのは面白いなと思いました。今はまだ使いこなせないから手間がかかって大変だけど、複雑になればなるほど楽になるなぁと思ったのでもっと慣れていきたいです。,0
863,Madeline,1,,今のところAOJの実態がまだよく掴めていない上に、プログラミングがあまり得意ではないのでちゃんとできるか少し不安です。,1
864,Madeline,5,,難しく一旦後回しにする問題が増えてきたので、時間がかかってもしっかり全て解きたいと思います。,1
865,Madeline,5,,問題を解くペースが遅くなってきているのでペースを上げて頑張りたいです。,1
866,Madeline,7,,プログラムを回りくどく作ってしまいがちなので、シンプルに作りたいです。,1
867,Madeline,8,,何回か直したけれどAOJでAcceptにならない問題があるので、もう一度挑戦したいです。,1
868,Madeline,10,,みんなに比べて進みが遅いなと感じるので頑張って進めていきたいです。,1
869,Madeline,12,,pythonの基礎をしっかりできるようになりたいと改めて思ったので、AOJをもっとたくさん解きたいです。,0
870,Madeline,13,,先週AOJをやる時間が取れなかったので、今週は先週の分も頑張りたいです。レポート課題も難しそうでしたが頑張って取り組みたいです。,1
871,Madeline,14,,"(29)の借金が印象に残っています。

プログラミングで計算できるのは便利だと思ったのと、何回もエラーになってしまい大変だったので印象に残りました。",1
872,Madelyn,2,,積極的にプログラミング課題2020を進めていきたいと思います。,1
873,Madelyn,3,,毎日コツコツとAOJを進めていきたいと思います。,1
874,Madelyn,5,,だんだん問題が難しくなってきましたが、頑張ります。,1
875,Madelyn,6,,AOJを進めるペースが落ちているのは自分だけだと思っていましたが、今日の講義でみんなの状況を聞くことができたため安心しました。,1
876,Madelyn,7,,イミテーションゲーム以外に情報系でおすすめの映画があったらぜひ教えていただきたいです。(イミテーションゲーム見ました。当時のコンピュータがあのような複雑な構造をしていたことを知らなかったため、大変驚きました。),1
877,Madelyn,8,,映画の質問に答えてくださり、ありがとうございます! Netflixで早速見てみようと思います。,1
878,Madelyn,9,,(41)のコッホ曲線の問題の解説動画を見たのですが、すごく難しかったです。あれくらい難しいプログラムを自分でも書けるようになりたいと思いました。,1
879,Madelyn,10,,リストの問題が難しくて手こずっていますが、頑張って進めます!,1
880,Madelyn,13,,"今日からD→Eにランクアップしました!

自分はまだ60番台の問題を解いているのですが、Eクラスだと既に100番台の問題を解いている子も周りにいるので、AOJのモチベアップにつながってすごく良かったです。",1
881,Madelyn,14,,一番印象に残っているのは48.最大の和です。自分で何回やっても全然うまくいかず、苦戦した思い出があります。,1
882,Madison,1,,"講義資料、すごくわかりやすくて、URLもそのままタップしてページにとべたのでありがたかったです。

AOJの練習時間はログインしている時間なのかどうかが疑問に思いました。

実際の練習はpaizaでやろうと思っているので、その時間が加算されずに、完成したコードをAOJの方で打ち込む時間だけが練習時間と認識されてしまうのではないかと心配しています。",1
883,Madison,3,,"A/B Problemの浮動小数点の部分でつまずいてしまいました。

数値と数値の間をあけて表示するやり方やスラッシュで区切るやり方など知らなかったので、講義資料で一覧にしていただいたのがよかったです。",1
884,Madison,4,,"第三回は動画はSlackのほうにあがることはないのでしょうか...?

Colaboratoryのやり方があっているか不安です。",1
885,Madison,6,,私もAOJのソーシャルゲームでつまずいていたので、解説動画を用意してくださったのがとてもありがたかったっです。,1
886,Madison,7,,While文やfor文が苦手なので改めて復習することができてよかったです。,1
887,Madison,8,,"while文を用いるときに手入力する数がたくさんある場合が難しいと感じました。

おつりでつまずいていますがもう少し自分で考えたいと思います。",1
888,Madison,9,,"一年生の時にリストについて学びましたが、よく理解できていなかったので、今回改めて解説していただけてよかったです。

タプルはリストと違って内容を変更することができないということを学びましたが、どのような場面でタプルが使われるのかなと思いました。",1
889,Madison,10,,f’{}’の形のプログラミングについて理解が浅い部分があったので、説明を聞くことができてよかったです。小数点以下の桁数などで{a:5.2f}のように表記することがありますが、この数字の基準はどのように決めているのかなと思いました。,1
890,Maria,1,,"初めて、AOJを使ってみて最初は提出の仕方に苦戦しましたが、できました。

講義資料が分かりやすかったです。

paizoではエラーでAOJではACになったことがあったので驚きました。",1
891,Maria,3,,"AOJを解いていくと、後ろにいくにつれて難しくなっていると感じました。

時間がかかっても頑張って解いていきたいです。

講義資料が分かりやすかったので、見直して復習したいと思います。",1
892,Maria,5,,"iif文で何も実行したくないときはpassを使うことを知りました。

たくさんの条件を書くときはelseではなくてelifを使おうと思います。

課題にも取り組んでいきたいと思います。",1
893,Maria,6,,"プログラムは評価順序があり、すべて評価されたら出力されることを知りました。

AOJがまだ40問くらいしか進んでいないので頑張りたいと思います。",1
894,Maria,7,,繰り返し、ループが苦手なうえ、AOJの難易度も上がってきていてとても大変ですが頑張りたいと思います。,1
895,Maria,8,,"少しずつ,ループが分かってきました。

今回初めて,try/exceptを知りました。問題を解いているときにどうやって無限ループを抜けるのか疑問だったのでいい経験になりました。",1
896,Maria,9,,"今回、文字列で文字コードに変換することを学びました。

この知識を使ってみようと思います。",1
897,Maria,10,,aojの課題で単語のカウントの問題を解いたときに、大文字がカウントされず小文字に直す必要があることに気づきました。,-1
898,Maya,1,,動画が分かりやすかったです,1
899,Maya,1,,AOJの使い方に不安がある,1
900,Maya,3,,AOJの使い方をこの資料で理解できました。,1
901,Maya,3,,AOJの使い方と基本的なプログラムの理解ができました。,1
902,Maya,4,,特になし,1
903,Maya,4,,特になし,1
904,Maya,5,,特になし,1
905,Maya,5,,特になし,1
906,Maya,6,,特になし,1
907,Maya,6,,特になし,1
908,Maya,8,,プログラミングがあっていれば良い。ではなくて簡単で短いプログラミングをできるようになりたいです。,1
909,Maya,8,,プログラミングがあっていれば良い。ではなくて簡単で短いプログラミングをできるようになりたいです。,1
910,Maya,9,,リストはすごい便利で楽だと思う,1
911,Maya,9,,リスト使いこなせるようになりたい,1
912,Maya,10,,メソッドは便利なものがたくさんあるのでいろいろ覚えていきたいです,1
913,Maya,10,,メソッドは便利なものがたくさんあるのでいろいろ覚えていきたいです,1
914,Maya,13,,アルゴリズムを考えたり理解するのは楽しいです,1
915,Maya,14,,"ユークリッドの互除法

これもプログラミングできるんだと驚いた。",1
916,Melanie,3,,難しかったです。,1
917,Melanie,5,,colaboratoryのサイトをひらくとエラーになってしまいました。,-1
918,Melanie,6,,zoomは毎回行われているのですか?どこから入れるのですか?,-1
919,Melanie,7,,特にナシ,-1
920,Melanie,8,,解き方がたくさんあるとどれを覚えたらいいのかなあと思いました,-1
921,Melanie,9,,Google Colabを開くとノートブック読み込みエラーと出るのですが、どうしたら良いですか?,-1
922,Melanie,10,,AOJたくさん溜まっているので、やります。,-1
923,Melanie,13,,"AOJはやっと少し進みました。

第11回の講義資料はどこにあるのですか?",1
924,Melanie,14,,長方形の中に丸が入っているかの判定の問題は、自分では考えられなかったパターンがあって、その場合でエラーになってしまうのかと驚いたりもっと深く考えなければいけないのだなと思いました。,1
925,Melody,2,,授業は時間割通りに行われますか?,1
926,Melody,3,,プレゼンテーションエラーがうっとうしいです,1
927,Melody,4,,だんだん難しくなってきました,1
928,Melody,5,,頑張ります,1
929,Melody,6,,もう五回目になるのが信じられないです。,1
930,Melody,8,,プログラムを書くときどうしても上から順番に書いていこうとする癖が抜けません。先生みたいにシンプルな状態から段々とつなぎ足すようにプログラムを書けるようになりたいです。,1
931,Melody,10,,もうすぐ文字列に到達しそうです。去年は挫折したので今年は頑張りたいです。,1
932,Melody,12,,久しぶりに簡単な問題が一問出てきたのですぐに解けてよかったです。,1
933,Melody,13,,一捻り加えないと解けない問題もあるので難しいです。,1
934,Melody,14,,コッホ曲線が印象に残りました。一度の入力で何回計算するか、どのような数を求める再帰関数は役に立ちそうだなと思いました。,1
935,Mia,2,,"AOJの登録の仕方などが分かりやすくて、とても良かったです。Slackは、登録したのですが、しっかり登録できているか不安です。

これから、AOJを使い、Pythonを極められるようにたくさん練習します!。",1
936,Mia,5,,だんだん難しくなってなかなか理解できないし、進まなくて大変です。,1
937,Mia,6,,"課題大変です...

Disneyいきたいです。",1
938,Mia,7,,"いろいろな課題に追われて日々大変です。

今の楽しみは、サークルの友達とzoomすることです!!",0
939,Mia,8,,"先生とお話出来て楽しかったです。

質問なんですが、業務連絡のなかに単位取得は40~50と書いてありますが、A+を取得するには前と変わらず、90以上ですか?",1
940,Mia,9,,この前、3か月ぶりにサークルの友達と遊べて嬉しかったです。,1
941,Mia,10,,"中だるみしてきました。

補講期間についてなんでけど、補講期間授業ありますか。",1
942,Mila,1,,"paizaで実行できたものが提出するとwrong answerになってしまうものがありました。

presentation errorもあってこの先不安です。しっかり去年の復習をしながらコツコツ進めたいと思います。",1
943,Mila,5,,どんどん難しくなってきてつらいです。,1
944,Mila,6,,難しいです。,1
945,Mila,7,,いろんな人に助けてもらいました。ありがとうございます。,1
946,Mila,8,,"気づいたら火曜日になっています。一週間が早いです。

このzoomに参加しないと本当に進まなそうなので頑張ります。",1
947,Mila,9,,なかなか進みませんでした。,0
948,Mila,10,,先週なかなかAOJの時間が取れなかったので今週頑張ります。,1
949,Naomi,5,,"だんだん難しくなってきたけど、

頑張ります!",1
950,Naomi,6,,"今日の序盤の話を聞いて、

そうか!インターンにいくのか!

と焦りました。

こんなPython技術じゃインターンにいけません、、",1
951,Naomi,7,,だんだん難しくなってきた、、頑張ります,1
952,Naomi,8,,就活のこと少しは考えて、勉強しなきゃと焦っています。,1
953,Naomi,9,,だんだん楽しくなってきました,1
954,Naomi,10,,たくさんすすめます!,0
955,Natalia,2,,見やすかったので、これから頑張っていきたいです。AOJはまだよくわからないけど、慣れていけるようにたくさんやっていきたいです。,0
956,Natalia,3,,去年の復習みたいな感じだけど分からないところが多かったので、調べたりしてAOJを進めていきたいと思いました。,1
957,Natalia,4,,if文とか懐かしいなと思った。AOJでたくさん解いて復習していきたい。,1
958,Natalia,6,,数式の入力の仕方を思い出しながらAOJをしっかり進めていきたい。,1
959,Natalia,7,,あまりAOJが進んでいないと気づいたので時間があるときに少しずつ進めていきたい。,1
960,Natalia,8,,"AOJのできた問題を数えたら30問くらいしかなかったので、焦ってきた。



目標ラインはできている数が40問〜50問ということですか?それとも問題の(40)~(50)までということですか?",1
961,Natalia,9,,忘れてしまっていることが多いから、しっかり復習しつつ、AOJを進めていきたい。,1
962,Natalia,10,,書式文字列とか、どう意味だっけとなってしまうことが多いのでしっかり復習していきたい。,1
963,Natalie,2,,忘れてしまっていることもあったので、思い出しながら進めていきたいと思います。,1
964,Natalie,5,,楽しくAOJに取り組むことができました。来週は取り組む問題数を増やせるようにしたいです。,1
965,Natalie,6,,プログラミング課題を解くのが楽しくなってきたので、今週はたくさん解いて進められたらいいと思います。,1
966,Natalie,7,,先週はあまり進めることができなかったので今週は先週の分まで頑張りたいです。,1
967,Natalie,8,,解いていて難しいと感じることが多くなった。少しずつでも進められるよう頑張ります。,1
968,Natalie,9,,難しいと思う問題が増えてきました。ゆっくりでも1つずつ進めていきたいです。,1
969,Natalie,10,,先週はAOJをほとんど進められなかったので今週は先週の分まで頑張りたいです。,1
970,Nevaeh,1,,AOJを使ったことがなかったので、不安でしたが資料や動画での説明が詳しかったのでわかりやすかったです。,1
971,Nevaeh,3,,"zoomで質問対応していただけて良かったです。

段々と難しくなってきたので頑張りたいと思います。",1
972,Nevaeh,4,,難しくなってきて、1年生の時にやっていないものが出てきたので頑張りたいと思います。,1
973,Nevaeh,5,,"繰り返しについてあまりよくわかっていないことが、講義動画を見て理解できました。

zoomで質問の対応もしてくださって助かりました。",1
974,Nevaeh,7,,"イミテーション・ゲームを観ました!



他の科目も忙しくなり、なかなかAOJを進める時間がなく困ってます、、",1
975,Nevaeh,7,,"AOJをやる余裕がない時でも、zoomがあるとやる機会ができて有難いです。

難しくなってきたので頑張りたいと思います。",1
976,Nevaeh,9,,"zoomで質問対応してくださり、助かっています。



時間があるときに映画も見たいと思います!",0
977,Nevaeh,10,,他の科目の中間レポートが終わったのでPython頑張ろうと思います!,1
978,Nora,3,,まだ使い方がよくわからなくて不安ですが頑張ろうと思います。よろしくお願いします。,1
979,Nora,3,,AOJ難しいです・・・,1
980,Nora,4,,Zoomには毎週参加必須ですか?,1
981,Nora,6,,"AOJのモチベーションが下がってしまいます。
 

 進度の目安として、毎週何問目くらいまで解けばいいか提示していただけると嬉しいです。",1
982,Nora,7,,AOJが最初のほうの問題に比べて難しくなってきました,1
983,Nora,8,,"自分の書いていたコードはバグになりやすいことが分かりました...もっと勉強します。

最近SwitchにハマっていてAOJをサボってしまっているので週に5問は進めるように頑張ります",1
984,Nora,9,,AOJが難しすぎます...かなり考えてもなかなか進みません....,0
985,Nora,10,,今週こそAOJやります....,1
986,Nora,13,,slackの解説動画わかりやすかったです。,1
987,Nora,14,,"(48)の最大の和は何度やり直してももエラーが出て時間がかかったので印象に残っています。

(20)のソーシャルゲームが問題は一見複雑なのにコードは簡潔に書けて面白かったです。",-1
988,Norah,3,,"答えの公開は行いますか?

たくさんのサイトを使うので何か見落としてないかとても不安になります。

人によって進みが違いすぎて(manabaで一回目はAOJ登録の説明をすると書かれていたのでzoomで同時に行うと勘違いしていました。)ZOOMのブレイクアウトルームでついていけませんでした。(勿論勘違いしてた私が悪いです。ついていくように頑張ります。)

慣れるまで大変だと思いましたが慣れたらとても良いと思います。",1
989,Norah,4,,ブレイクルームは人が少ないと質問しやすくてとてもいいです。,1
990,Norah,6,,解説ありがとうございました!,1
991,Norah,7,,難しくて中々進めません...,0
992,Norah,8,,難しいから中々進まないが自分のペースで解けるのは理解しながら進めるうえでありがたい。,1
993,Norah,9,,"(37)のチェックの最後から二番目のprint()の意味がわかりませんでしたが、それは来週Zoomに出席する予定なので聞こうと思います。



数学力で解くことは特に無理だと思ったので科学的手法をどんどん身に着けたいと思いました。",1
994,Norah,10,,"来週でるとか言いながら出れなかったので来週こそ出ようとおもいます。

個人的に感想は取り上げてほしくないタイプなのでよろしくお願いします。",0
995,Norah,13,,"先週は病院に3回も行きAOJすすみませんでした。

情報なのでできなさぶりに落ち込みます。

頑張ろうと思います。",0
996,Norah,14,,"(14)は根本的で初心者に役立ちそうです。



r=int(input())

s=r*r*3.1415926535

l=r*2*3.1415926535

print(f""{s:.6f} {l:.6f}"") 実行できたけどランタイムエラー...intだから



import math



r=float(input()) #問題に実数rと書いてあるからfloatを使う

s=r*r*math.pi

l=r*2*math.pi

print(f""{s:.6f} {l:.6f}"")



私はこんな簡単なことにとてもなやみました。

(16)(20)とかののif系は時間めちゃくちゃかかりましたが頭を使うので勉強になりました。",1
997,Nova,2,,今までプログラミングに対して苦手意識があったけれど、少し姿勢を変えて取り組んでみたらとても楽しく感じた。どんどん溶き進めていきたいと思った。,1
998,Nova,3,,だんだん間違えることが多くなってきた、頑張っていきたい,1
999,Nova,5,,今週はほかの課題があったりで思うように進められなかったのでこの一週間はより頑張りたいと思います,-1
1000,Nova,7,,ゼミの課題に追われ先週もまた進められなかったので今週こそはしっかりと進めていきたい,-1
1001,Nova,10,,少しでも早くなれるように頑張りたい,1
1002,Nova,13,,最近オンラインに慣れてきたつもりではありましたが慣れがだれに変わり、1週間のうち課題の出し忘れが多くなってきました。(あまりこの授業とは関係ないかもしれませんが、、)残り少ないので引き締めなければなという思いです。。,0
1003,Nur,1,,オンラインでの授業形態に不安がある。,1
1004,Nur,4,,16番が難しくてそこで止まっています。,1
1005,Nur,5,,最近なかなか進められていないです。,1
1006,Nur,7,,繰り返し構文が難しいです。,0
1007,Nur,7,,なかなか進められないのでzoomに参加するか検討中です。,0
1008,Nur,9,,今週は少しできました。,0
1009,Nur,10,,今週は少し進みました,1
1010,Olivia,2,,ありません。,1
1011,Olivia,3,,スライド資料が見やすくて良かったです。,1
1012,Olivia,4,,特になし,1
1013,Olivia,8,,自分は読みづらいプログラムを書きがちで問題を解くのに時間がかかってしまうことがよくあるので、関数を積極的に使うなどして他人が読んでもわかりやすいように書くことを意識していこうと思いました。,1
1014,Olivia,9,,AOJをやっていてタプルの使いどころがいまいち掴めません。,1
1015,Olivia,10,,講義動画を見て、オブジェクト指向を具体的に学べる後期の授業が楽しみになりました。,1
1016,Olivia,13,,最近は他の授業の課題など諸々でAOJになかなか手が回らなくなってきましたが、ラストスパート出来る限り進めていきたいと思います。,-1
1017,Olivia,14,,"素数関連の問題が印象に残っています。

素数の判定法に関する知識が深まったからです。",0
1018,Paisley,1,,自分に50問以上もプログラミングの問題が解けるのかどうか不安ですが、精一杯頑張ります。,1
1019,Paisley,3,,"AOJがだんだん難しくなってきていて、解くペースは落ちたのですが、その分解けたときも嬉しいです。また、Slackで私よりもたくさん解いている人がいるのを見ると、すごく励みにもなります。

質問なのですが、データ構造とアルゴリズムの授業時間以外のZoomに入ることは可能ですか?(質問が授業中に解決しきらなかった時などは、週に1回以上Zoomに入って聞いたりしても良いでしょうか?)

また、アウトブレイクルームは、自分がわからない箇所があるところの部屋に入るのと、自分の進捗にあった部屋に入るのとどちらが良いのでしょうか?",1
1020,Paisley,4,,ZoomでAOJの分からない部分(n個のxを1行で入力する)を聞けて解消できたので、良かったです。,1
1021,Paisley,5,,"最近、AOJが難しくなって、少し行き詰まっています。
 

 スラスラ解くのは厳しいですが、少しずつコツコツ解いていきたいと思います。",1
1022,Paisley,6,,プログラミング実習でdefについても勉強し理解したつもりだったのですが、いざ自分でプログラムを書くとなると、どのような感じで使えばいいのかよくわかりません。なので、Zoomやスライドなどでdefについての解説をしていただきたいです。よろしくお願いします。,1
1023,Paisley,8,,"最近、Slackの進捗状況で他の人にどんどん抜かされていくのを見ていると、悔しくなってきてしまいます。(誰かと競争をしているわけではないので、マイペースにとけばいいとはわかっているのですが。)

なので、無理しない程度に自分を追い込んでAOJに取り組みたいと思います。",1
1024,Paisley,9,,"今日(6/22)のZoomでは、たくさん質問に答えていただきありがとうございました。少し前から毎週5問を自分に課しているのですが、最近は私の苦手なdefを使わないと解けなさそうな問題が多くて、なかなか進みません。

Slackで質問するのは少しハードルが高いので、わからないところはZoomで聞きながら、できるだけ解くペースを維持していきたいと思います。",1
1025,Paisley,10,,"なかなかAcceptedが取れなくて、進みません。

考えてもわからない問題は飛ばして、今日のZoomで先生に教えていただいた「プログラミングコンテストA問題」から進めていきたいと思います。",1
1026,Paisley,13,,"90問まであと8問なのですが、そこから停滞気味でなかなか進みません。

今まで飛ばしてきた問題などに戻って、少しづつ進めていきたいと思います。",0
1027,Paisley,14,,"フィボナッチ行列の問題(40)

それまではdefが苦手で避けてきたのですが、この問題はdefを使わないと解けなかったので、acceptedを取るのに苦労しました。",1
1028,Penelope,1,,"とても分かり易かったです。

AOJのIDはもともと持っているものでも構いませんか?",1
1029,Penelope,5,,文字列の分野がC++のときにも苦手でなかなか解こうと思えなかったので、Pythonでは簡単に書けることを期待して頑張りたいです!,1
1030,Penelope,6,,ブレイクアウトルームだと、ACを取れなくて困っているときにお互い助け合えてとても学習しやすいです。ただ、グループの中でも皆どうすればよいかわからない問題に遭遇したとき、先生や先輩に質問したくても対面授業みたいに挙手できなかったり、グループが多いせいか先生や先輩方もなかなか回ってこなかったり。このような場合どうやって先生や先輩方を呼べばよいですか?,1
1031,Penelope,7,,2年後期に学んだアルゴリズムを使う問題が徐々に出てきて、難しくて苦戦していますが、自分が書いたコードが複雑だったり遠回しに表現していても、とても迅速にわかりやすく指摘してくれるのが嬉しいです。,1
1032,Penelope,8,,1週間に1問みたいにペースが落ちてきています。自分で一旦複雑なコードを書いてしまうと間違えていたときに実はもっと簡単に考えられることがなかなか思いつかなくてAC取れないところが悔しいです。,1
1033,Penelope,10,,"やることが多すぎて優先順位がつけられなくなってきました。

プログラミングが必要なインターンシップに応募しましたが、知識が少なすぎて不安でしかないです。",1
1034,Penelope,12,,"時間に余裕があれば一日中AOJを解いていたいくらい、問題が解けるとうれしいです。

あと3回で授業が終わってしまうので、100問超えられるように頑張れたらいいなと思います。",1
1035,Penelope,13,,計算機数学の後期の授業は難しかったけど、当時理解できなかったことでもAOJを通して半年後くらいに理解できるようになったので、数値計算法の後期の授業はきっと難しいけど頑張りたいです。,1
1036,Penelope,14,,"(79)素数の数

2年後期の計算機数学IIで学んだエラトステネスの篩を使って解いたので、当時難しいと思っていたものも何度か自分で書くことで前よりも理解できた気がします。また、その中で効率よく実行されるためにはどこを書き換えればよいのかを教えてもらいながら考えることができたので良かったです。",1
1037,Peyton,1,,"Slackに上がっていた動画ファイルがとても分かりやすくて助かりました。

1年生のときにPythonの授業について行けなくて挫折してしまったので、この授業で挽回したいと思いました。",1
1038,Peyton,3,,zoomでブレイクアウトルームを使っての授業は、先輩に気楽にわからないところや素朴な疑問を聞けるのでとてもよかったです。,1
1039,Peyton,4,,20番の問題をwhile文を使わない解き方で解いたらとても難しかったです。(まだこの解き方で解けてません。),1
1040,Peyton,5,,先週よりも求められているプログラムの難易度が上がったせいか、AOJの進捗をあまり生めなかった。,1
1041,Peyton,7,,だんだん難しくなってきたので今後が心配です。90問以上解きたいです!,1
1042,Peyton,8,,ブレイクアウトセッションに分かれる前まではいたのですが、その後腹痛が酷かったためzoomを抜けてしまいました。今まで授業で先輩方にたくさんのことを教わって来たので今日質問出来なかったのが悔しいです。,1
1043,Peyton,9,,再帰関数の処理が苦手で解いていなかったのですが、zoomで先輩にリストに入れる方法を教えてもらって解くことが出来ました。,1
1044,Peyton,10,,ブレイクアウトセッションで一緒にやった友達に次回までに50問目まで解いてくると宣言してしまいました。今ちょっと後悔してます。頑張ります。,0
1045,Peyton,13,,"西田先生に質問してる途中にzoomが落ちてしまって申し訳なかったです。

後期もオンラインでの授業となると、私のpcが限界を迎えそうです...",1
1046,Peyton,14,,文字と文字列'では、それ以前の問題では数式を書いて計算させるプログラムをたくさん書いてきましたが、単に計算する以外のPythonのコードの書き方を学べました。改めて、Pythonって本当になんでも出来るなと思いました。,1
1047,Piper,2,,プログラミングは苦手ですが、練習して得意になりたいです。,1
1048,Piper,5,,どんどん難しくなってきてあんまり進まなくなってきた。90門までいけるか心配。,1
1049,Piper,6,,少しずつ難しくなってきたけど、今までやってきたことをいろいろ組み合わせながらやるとなんとかなる。,-1
1050,Piper,7,,前よりできるようになって楽しい,-1
1051,Piper,8,,頭ではどういう計算すればいいかわかるけど、これを上手くpythonで表現できないときがあるから悔しい。,-1
1052,Piper,9,,slackを見ながらこつこつ頑張ります。,0
1053,Piper,10,,難しくなってきて最近少し手をつけれていないので、ちゃんと精進して頑張ります。,1
1054,Quinn,2,,AOJはもう始めた方がいいですか。,1
1055,Quinn,3,,毎週、ブレイクアウトルームは変わるんですか。,1
1056,Quinn,4,,あまり進んでいないので頑張ります。,1
1057,Quinn,5,,頑張ります。,1
1058,Quinn,6,,ここ最近、ペースが落ちているので頑張ります。,1
1059,Quinn,8,,"もう、折り返し地点なんですね。コツコツ進めていこうと思います!

それとA+をとるには90問以上ですか?",-1
1060,Quinn,9,,"38問から分からなくなっています。

頑張ります。",0
1061,Quinn,10,,aojきちんと行います。頑張ります!!,1
1062,Raelynn,2,,説明が分かりやすかったです,1
1063,Raelynn,3,,動画が分かりやすくとても見やすいです,1
1064,Raelynn,4,,わからないことを自分で調べるいい機会になっています。,1
1065,Raelynn,6,,x=0はxに0を代入という意味ではなくて、0という値をxと名づけるという意味というのを間違えないようにしようと思いました,1
1066,Raelynn,7,,上の別解の答えをぜひ教えていただきたいです,1
1067,Raelynn,8,,"関数を自分で作るのをもっと練習しようと思いました。

また、もっと読みやすいプログラムを書くように意識しようと思いました。",1
1068,Raelynn,9,,リストとタプルの違いが分かりやすかったです。,0
1069,Raelynn,10,,"再帰関数が難しかったです。

リストも苦手なのでもっとたくさん演習して頑張らないとと思いました。",1
1070,Reagan,3,,なるべく毎日AOJを進められるように頑張ろうと思った。,1
1071,Reagan,5,,繰り返し関数が苦手です,1
1072,Reagan,6,,先週はあまり進められなかったので、今週は頑張ります。,1
1073,Reagan,6,,だんだん難しくなってきました。,1
1074,Reagan,7,,今月に入ってからAOJあまり進められていないので今週は頑張ります。,-1
1075,Reagan,9,,去年習った文字列について忘れてるところがあったので復習できて良かった。,0
1076,Reagan,13,,だんだん後半になるにつれてAOJが難しくなってきたので、Slackに動画がある理解できて、やりやすいです。,1
1077,Reagan,14,,"(40),(41)が難しかった。",1
1078,Riley,2,,AOJ頑張ろうと思いました。,1
1079,Riley,3,,進捗状況を見て、もっと頑張ろうと思いました。,1
1080,Riley,4,,1問に時間がかかるようになってきたので、飽きないように頑張ります,1
1081,Riley,5,,文字列難しいです。,1
1082,Riley,6,,やる気を失ってきました,1
1083,Riley,7,,急に90問が遠い道のりに見えてきました,1
1084,Riley,10,,明日は頑張ります,1
1085,Riley,12,,自分はこういうやり方で書きたいっていうのがあるのに、効率を考えなきゃいけないような問題になってきて、なんか若干不服というか消化不良みたいな感情なります,1
1086,Riley,13,,レポート出すか悩みます( ◜◡◝ ),1
1087,Riley,14,,"54 文字のカウント

今はなぜあんなにしょげていたのか思い出せないけど、すごく壁だった気がする",1
1088,Rose,3,,講義資料の説明が非常にわかりやすく登録もきちんと出来ました。,1
1089,Rose,5,,エラーが出てなくても、細かいところでミスをしているとAOJでバツにされるので気をつけようと思います。,0
1090,Rose,6,,だんだんプログラミングのレベルが上がってると感じています。Googleを上手に駆使してどんどん解いていくよう頑張ります。,1
1091,Rose,7,,面白そうな問題やできそうな問題からやるようにするとやる気が出ます。,1
1092,Rose,8,,"エラーが何度も出るとモチベーションがさがります。

折り返し地点早いなって気がします。

できるところから頑張って進めていこうと思います。",0
1093,Rose,9,,だんだんプログラミングを完成させるのが難しくなってきて時間がかかるようになってきたのでGoogle先生を上手く使おうと思います。,1
1094,Rose,10,,前期の授業がオンラインになり、パソコンを見る時間が増えたので最近目の疲れが取れないのが悩みです。6月もほぼ終わりなので残りの授業も頑張ります。,1
1095,Ruby,1,,AOJにはまろうと思います。,1
1096,Ruby,3,,AOJが思っていた以上に楽しいです。,1
1097,Ruby,4,,進みは遅いですが、ほぼ毎日やっていて楽しいです。,1
1098,Ruby,5,,"AOJがだんだん難しくなってきましたが、頑張ります。
 

 ゲームプログラミングの本を買ってみることにしました。",1
1099,Ruby,6,,今週は全然AOJができなかったので、来週は頑張ります。,0
1100,Ruby,8,,解説動画ありがとうございます。コツコツ進めていきます。,1
1101,Ruby,9,,難しい問題が多いので、できるところから進めようと思います。,1
1102,Ruby,10,,他の課題もあって、少し前のようなペースでAOJを進めることができていませんが、頑張ります。,1
1103,Ruby,13,,難しい問題が増えてきました。進むペースが落ちてきていますが、コツコツやろうと思います。,1
1104,Ruby,14,,最大公約数、最小公倍数が簡単に求められる便利なプログラムがあることを知れてよかったです。他にも便利そうなプログラムがあったら参考にしていこうと思います。,1
1105,Rylee,1,,"資料とても分かりやすかったです。パソコンなどを扱うことがあまり得意ではないのですが、頑張りますのでよろしくお願いします。

今回、Slackにおいて、操作に関する疑問があったので、質問させてください。



Slackにおいて授業時間外は”アクティブ”の状態を”離席”にしておけばいいのでしょうか?",1
1106,Rylee,3,,いろんな人と会話をしながら進められ、とても有意義な時間でした。,0
1107,Rylee,5,,"積極的にわからないところを、聞けてとても良かったです。

友達と同じ班になれるのは気分的にすごく楽でした。",1
1108,Rylee,5,,友達と話しながらできてよかったです。,1
1109,Rylee,7,,現在、42問ほど解けているのですが、この調子でいけば大丈夫でしょうか。,1
1110,Rylee,8,,今日は友達と同じところを相談しながらできたのでとても有意義な時間でした。,1
1111,Rylee,9,,毎週の解く問題数のペースがなかなか上がらないので、毎日少しずつでも、問題に向き合う時間をつくろうと思います。,1
1112,Rylee,10,,困っている部分をまとめていなかったので、あまり今日は聞けませんでした。なので次回までにできないところをまとめておくようにしようと思います。,1
1113,Rylee,13,,先生があげてくださる解説動画でかなり進みました。ありがとうとうございます!,1
1114,Rylee,14,,"文字列の問題で、アルファベットや大文字をリスト化させるやり方を初めて知ったので、とても興味深かったです。

問題(44)科目選択で、あったら楽だなと思えるようなプログラミングで、自分でできて、役に立ったなと思います。",1
1115,Ryleigh,3,,AOJを正しく使えるか不安ではありますが、頑張りたいと思います。,1
1116,Ryleigh,5,,少しAOJの難易度が上がってきていて大変です。,1
1117,Ryleigh,6,,だんだん難しくなってきているので少しずつ進めていきたいと思います。,1
1118,Ryleigh,7,,フィボナッチ数列のところが難しいです,1
1119,Ryleigh,8,,分からないところが分からないことが多いので質問することが出来ない場合が多いです。,1
1120,Ryleigh,9,,今日はエラーが出た際に何が原因なのかを自分で発見することが出来たので少しだけですが分かるようになった気がします。,1
1121,Ryleigh,10,,一週間で2つくらいしか進んでいないので、もう少し頑張らなければいけないかなと思いました。,1
1122,Sadie,3,,Pythonは以前からとても興味があったので、可能性が広がって人生が変わるという言葉を信じて頑張ってみたいと思いました。,1
1123,Sadie,3,,数値計算法と同時履修なので月曜の連続した2時間を有効に使って、できれば毎日Pythonにふれる時間を持ちたいと思いました。,1
1124,Sadie,5,,難しくなってきて、1時間くらい悩んでしまうことが増えました。,1
1125,Sadie,5,,While 文 が若干苦手で、悩む時間が増えました。,1
1126,Sadie,6,,"ソーシャルゲームの解説動画を見ました。

その問題だけ実行できず後回しにしていたので、意外と簡単にできるのが驚きでした。

早くfor文に慣れたいです。",1
1127,Sadie,6,,なかなか実行できずに試行錯誤しました。,1
1128,Sadie,7,,再帰関数に苦手意識があるので時間がかかっています。,1
1129,Sadie,7,,再帰関数に苦手意識があります。,1
1130,Sadie,8,,"コッホ曲線の動画を見て、やってみた。

結局上手くできなかったので次回また挑戦しようと思う。

list をつくって考えるのが楽しくなってきた。",1
1131,Sadie,8,,"今日はlistの部分を中心にやって、大分慣れてきたように感じている。

とばしたコッホ曲線は動画を見てもできなかったので次回また挑戦したい。",1
1132,Sadie,9,,今回は家庭の Wi-Fi 環境が変化した関係でうまくネットに接続できず進められませんでした。先ほど解決したので、明日以降で補いたいと思います。,0
1133,Sadie,10,,"先週アップされたリストと文字列の動画を見ました。

特にリストはAOJでやっているところなので、改めて解説を見たことで理解できる部分が何点かありました。

AOJのペースが落ちてきているので、もう少し頑張りたいと思います。",1
1134,Sadie,10,,"リストの部分がやっと終わりました。かなり難しく感じ、時間がかかってしまいました。

文字列に入るのでまた新たな知識を身に付けたいと思います。",1
1135,Sadie,12,,第10回の資料を読みました。様々なところで使われているアルゴリズムがどのような仕組みになっているのか理解できるくらいプログラムを読み書きできるようになれたら自分の可能性が広がるなと思いました。,1
1136,Sadie,13,,1つ1つにかなり時間がかかっているので、ペースを上げたり授業時間外にも解いたりしていきたいと思います。,1
1137,Sadie,13,,成績の問題では、似たようなプログラムを繰り返し書き長くなってしまったので効率のよい、簡潔なプログラムをかけるように工夫してみたいと思いました。,1
1138,Sadie,14,,"(41)コッホ曲線

動画を見て考えてみたけれど、よくわからなくて唯一ギブアップしてしまったので印象に残っています。

(46)未提出者は誰だ?

(68)不足しているカードの発見

これらはinputしていない数字を見つけるものでしたが難しくて結構時間がかかりました。ただ、どのような手順で考えたらよいのか要領がつかめるとうまくいったので印象深いものの1つです。",1
1139,Sadie,14,,"(41)コッホ曲線

動画を見て考えてみたけれど、よくわからなくて唯一ギブアップしてしまったので印象に残っています。

(46)未提出者は誰だ?

(68)不足しているカードの発見

これらはinputしていない数字を見つけるものでしたが難しくて結構時間がかかりました。ただ、どのような手順で考えたらよいのか要領がつかめるとうまくいったので印象深いものの1つです。",1
1140,Samantha,2,,不安ですが、多分できたと思います,1
1141,Samantha,4,,模範解答の見方を知ってしまい、分からなかったらすぐそれに頼ってしまいます。多分20番以降は自力でできません。大丈夫ですか?,1
1142,Samantha,6,,よくわからない範囲の連続で一気にやる気がなくなってしまい、全然進めていませんでした。少しずつでもすすめていきたいです。,-1
1143,Samantha,7,,2週間くらい触れていなかったので、これから頑張ろうと思いました。,-1
1144,Samantha,8,,"途中で妥協せずに、90問?しっかりやって、A+取りたいです。

課題が整理出来たら、めっちゃ進めます!",-1
1145,Samantha,9,,1週間で10個進めます。,-1
1146,Samantha,10,,今週こそがんばります!,-1
1147,Sara,3,,使いい慣れていないものなので少し手惑うこともあると思いますが、頑張ります!,1
1148,Sara,3,,調べつつ頑張ります。,1
1149,Sara,4,,友達と教えあいながらだったので気負わずできました。,1
1150,Sara,6,,さぼりがちになっているのでコンスタントに進めていきたいです。,1
1151,Sara,7,,1限に起きるのも早いなと思うようになってきてしまいました...笑,1
1152,Sara,8,,最近中間テストなどが出て大変だったので全然進められていませんでした。これから頑張ります。,0
1153,Sara,9,,特にありません。,1
1154,Sara,10,,がんばります。,0
1155,Sarah,1,,"講義動画のスピードがほどよくわかりやすかったです。Slackにのせていただけるのはすぐに動画をみることができるためありがたかったです。

Pythonははじめてなので大変な部分も多くあるかと思いますが頑張っていきたいと思います。

また、今独学でJavaを勉強しているのですがそちらの質問をすることは可能かどうかを教えていただけると幸いです。よろしくお願いいたします。",1
1156,Sarah,3,,他の授業なども受けてみてオンデマンドが1番理解が深まりやすかったのでオンデマンド主体で授業を進めていただけると大変助かります。よろしくお願い致します。,1
1157,Sarah,4,,AOJのステータスの見方など使い方の説明していただいたのがAOJをあまり使いこなせていなかったのでとても助かりました。,1
1158,Sarah,5,,けっこう一問にかかる時間が伸びてきました・・・他の授業の課題もがんばりつつ時間をみつけてAOJをすこしずつでも進めていけたらなと思いました。,1
1159,Sarah,7,,今週は先週より進められたらなと思います。,1
1160,Sarah,7,,"先週より進めることが出来ました。

予定などにより中途半端な時間帯になってしまった場合、途中からzoomに参加することは可能でしょうか。",1
1161,Sarah,10,,今週は比較的時間があるのでPythonの学習をすすめて行きたいです!,1
1162,Sarah,12,,今週は着実に進めることが出来たと思います。このまま90ACが達成できるように頑張りたいと思います。,1
1163,Sarah,13,,先週は着々と進めることが出来たので、このペースのまま今週も続けていきたいなと思います!,-1
1164,Sarah,14,,"素因数分解の問題は何度もトライしてエラーを何回も修正した分ACしたときはとてもうれしかったので印象に残りました。

また、どのような問題というわけではないのですがAOJに取り組んでいく中でランタイムエラーの修正が1番難しかった印象があります。",0
1165,Savannah,1,,"paizaで実行できたものがwrong answerになってしまって、どこが間違えているのかわからなかった。

AOJで間違えているのが大体偶数とか1000で割り切れるとかの条件付きのものだった。復習がんばる。",1
1166,Savannah,5,,ブレイクアウトルームのEのところの幅が大きすぎて進捗状況も幅広いので質問しにくかった,1
1167,Savannah,6,,少人数のほうが質問しやすかったので来週からもお友達グループにしようと思う!,1
1168,Savannah,7,,さぼらずに頑張ります,0
1169,Savannah,8,,最近さぼってて今日久しぶりに触れたら楽しかったのでちゃんとやろうと思った!!!!,1
1170,Savannah,9,,3つ進んだ,1
1171,Savannah,10,,文字列苦手だったのでしっかり復習します,-1
1172,Scarlett,2,,わかりやすかったです。疑問は特にありません。,0
1173,Scarlett,3,,AOJについて、paiza上では正しく実行できてもAOJだとエラーになってしまう場合はどういったことが考えられますか?,1
1174,Scarlett,5,,特にありません。,1
1175,Scarlett,6,,"私は最近ワイルドスピード1~7まで一気に見ました。

とても面白いのでおすすめです。

ちなみにイミテーションゲームもみました。なんだか暗い気持ちになりました。",1
1176,Scarlett,7,,昨日はSEVENをみました。おもしろかったのですが、途中から展開が予測できてしまうので少し残念でした。グロ系とだけきいていたので覚悟してみたのですがそこまでグロテスクではありませんでした。,1
1177,Scarlett,8,,昨日は博士と彼女のセオリーを見ました。ホーキング放射のジェーン・ホーキングの話です。素敵な話でしたが、私にはやはりSF系の方があっていると思いました。イミテーションゲームについてもそうですが、歴史に名を残した学者の映画をみると映画に鼓舞されてAOJモチベが2日は続くので効果的だとおもいました。,1
1178,Scarlett,10,,aojでAcceptがでると少しずつ自己肯定感が満たされます。,1
1179,Scarlett,12,,授業終了の日までに90問いけるように頑張ります,1
1180,Scarlett,13,,前期授業がおわったら、AOJでpythonを使って解いた問題をほかの言語で解いてみたいと思いました。,1
1181,Scarlett,14,,67番の組み合わせの数の問題で何度もtimelimitになって何度も苦しめられたがループをどのようにして効率よくできるかを考えて試行錯誤したらうまくできた。,1
1182,Serenity,2,,講義資料はとても分かりやすく見やすいです。pythonの参考書にはあまり実習問題が載っていないので、AOJで実習できるのがとても助かります。これからコツコツ練習してAOJ中毒になろうと思います。いつか自分でゲームを作ったり、開発ができるようになりたいです。,1
1183,Serenity,3,,AOJで、ずっとpresentation error が出ていて何だと思って何回も試行錯誤した結果、出力の空白が足りないだけでした。悲しかったです。月曜日までに20問まではいきたいです。今度zoomも参加します。slackにわーいって書いてすみません。,1
1184,Serenity,4,,みんなのAOJの進み具合が想像以上で驚いています。来週のzoom参加します。,1
1185,Serenity,5,,AOJは、似てる問題が1つ解けると2問3問と説いていけるなと思いました。実行に成功するとすごく達成感があって楽しいです。Zoomは少人数で気軽に質問できるのがすごくよかったです。一緒にやっていると感じられるので捗った気がします。,1
1186,Serenity,7,,進むにつれて1個1個の問題にかかる時間が増えてきました、、。めげずに頑張ります。,-1
1187,Serenity,8,,今週中にゆでたまごを卒業します。ひとつずつ地道にifで場合わけした問題も何個かあったので、関数を使って簡単なコードにできないかやってみようと思います!,-1
1188,Serenity,9,,単語の意味を理解して見ないとわからなくなってきました。しっかり学習します。,-1
1189,Serenity,10,,最近AOJの進度が滞っています、、とりあえずは90問目指して、1日2つくらいは進めます!,-1
1190,Serenity,13,,解説動画が分かりやすくて参考になりました!,-1
1191,Serenity,14,,(20)のソーシャルゲームで、自分が普段やっているゲームにもログインで、何日連続などがあるので、ゲームをプログラムするときにも使えるのかなと思いました。,0
1192,Sienna,1,,資料が見やすく、内容がよく理解できました。,1
1193,Sienna,3,,去年の勉強漏れや、わからない部分は自分で勉強する必要があるなと思いました。,-1
1194,Sienna,5,,他の課題ばかりに手を付けてAOJが進んでないので少し焦っています。,-1
1195,Sienna,7,,特にないです。,-1
1196,Sienna,9,,AOJを進めたいです。,0
1197,Sienna,10,,ソフトウェアの設計法や、オブジェクト指向についての詳細などを後期で学ぶのが楽しみです。,1
1198,Skylar,2,,計算機数学Iで作成したときのAOJのアカウントをまた使っているのですが大丈夫でしょうか?作り直した方がいいですか。,1
1199,Skylar,5,,Google Colaboratoryの使い方がよく分からなかったです。,1
1200,Skylar,6,,"(14) 円の面積と円周の最後の出力をprint('{:.6f}'.format(math.pi*r**2),'{:.6f}'.format(r*2*math.pi))

のように書いていたのですが、formatを一つにまとめることができることを知れてよかったです。:の前の数字はインデックス番号だと初めて知りました。",1
1201,Skylar,7,,そろそろAOJを解こうと思います。,0
1202,Skylar,8,,課題(16)は答えの一覧からsortを使って解くことを学んだが他の解き方は知らなかったので、数学力やアルゴリズム力で解く方法を知れてよかった。AOJの問題を解くときに使っていきたいと思った。,1
1203,Skylar,10,,文字列はシングルクオートとダブルクオートのどちらで囲ってもいいことを初めて知った。使い分けがなくて安心した。あと、小文字を大文字にするメソッドはすごい便利な機能だなと思った。C言語で小文字から大文字にするより簡単に変換できるのがすごいなと感心した。今後メソッドを使い慣れていきたいなと思った。,1
1204,Skylar,12,,"AOJの最頻値の問題でstatistics.mode()が使えたらすぐにプログラムが完成しそうだったが最頻値が一つでない場合はエラーとなるので使うことができず残念だった。最頻値が1つだと分かっていないと使えないなと思った。

それからtryとexceptを初めて使ったが何回繰り返せばいいか分からないときや例外があるときに便利だと思った。ただエラーの種類が分からないので間違ったプログラムを実行してエラーの名前を知る必要があるのが少し手間がかかると思った。",1
1205,Skylar,13,,AOJの答えを写経しなくても自分でプログラムを作成できるようになり少し成長を感じた。,1
1206,Skylar,14,,印象に残っている問題は(54) 文字のカウントです。プログラム中にtryとexceptを用いたのですが、tryの方にprint文を入れていたのでなかなか思うように出力できず手こずった覚えがあります。exceptの方にprint文を入れたら上手くいったので良かったです。,1
1207,Sofia,3,,"whileを使った時に、aojの方のoutputでterminated because of the limitationと出てきてしまうのはなぜですか!

もっと簡単にプログラミングを書けということでしょうか。",1
1208,Sofia,5,,仲良しチームにしたので、お互い詰まってた問題を相談しながら解けてよかったです。,1
1209,Sofia,6,,だんだん難しくなってきましたが、少しずつでも辞めずに続けていきたいと思います。,1
1210,Sofia,7,,授業とインターンの日にちがかぶる場合、授業を休んだら欠席扱いになりますか。,1
1211,Sofia,8,,70問くらい解けましたが、ここからが大変だと思うので頑張ります。,1
1212,Sofia,10,,"今日はわからなくてためていた問題が解決できてすっきりしました。

来週も火曜一限で参加予定です。",1
1213,Sofia,12,,"あと何問かで90問いきます。

去年に比べてだいぶ解けるようになりました。",1
1214,Sofia,13,,"一回一つのプログラムを書くと、違う考えをなかなかできないので

エラーが出た時に違う解き方も思いつようになりたいです。",1
1215,Sofia,14,,"素数を使った問題で手こずることが多かったです。

素数の問題で関数を使わなければいけなかったので、関数の使い方が前より理解できました。",1
1216,Sophia,1,,AOJの存在を初めて知りました。家でも簡単に解けて、自分が書いたプログラミングをすぐに正誤判断してくれる機能があるので、プログラミングするのが前よりも少し楽しみになりました。,1
1217,Sophia,5,,目白祭についてどうしようか迷います...。,1
1218,Sophia,6,,"AOJ、進んでる人に追いつけるように頑張ります...。



バイトが再開したと思えばインターンのエントリーが始まりました。",1
1219,Sophia,7,,"ふわふわの美味しいかき氷が食べたいです

去年食べた目白駅近くの志むらのかき氷がとても美味しかったです",1
1220,Sophia,8,,"後期に学校で授業を受けられるようになっても、後期の数値計算法IIはこのままzoomでの授業がいいです笑

(授業によって各先生が選べるようになれば...!)",1
1221,Sophia,10,,1週間に解く量が減って、あとどれくらい解けるか不安なところもありますがコツコツ頑張ります,1
1222,Sophia,12,,"プログラミングで無駄に長く書いてしまうことが増えました...でもA+目指して頑張ります。



最近疲れが全然とれないです...",1
1223,Sophia,13,,"同じペースで進んでた友達が一週間で20問くらい進んでいたので私も追いつけるように頑張ります。

後期の授業は対面でないとできないような授業がないと思うので、まだよかったかなと思いました。",1
1224,Sophia,14,,"ICPC得点集計ソフトウェアとヒストグラムは特に印象に残ってます。

この二つは簡単そうに見えて思ったよりも時間がかかった気がします...。

でも解いた問題全て楽しくpythonの勉強が出来ました。",1
1225,Sophie,3,,Slackに登録する際に届いたメールに載っているワークスペースのURLが開けないのですが、アプリをインストールしないと使えませんか?,1
1226,Sophie,5,,Colaboratoryはどこに提出すれば良いですか?何をすれば良いのかもわかりませんでした。,0
1227,Sophie,6,,AOJの問題を早く解けるようにもっと練習します。,1
1228,Sophie,7,,解答例は1つじゃないのでAOJで詰まってしまった問題もいろいろな方法で解いてみようと思った。,1
1229,Sophie,8,,何が原因でエラーになっているのか、きちんと理解してすぐに解決できるように練習したい,1
1230,Sophie,9,,どこが違うのかすぐ理解できるように練習する,-1
1231,Sophie,10,,文字列の操作を理解して、素早く活用できるように練習する。,0
1232,Stella,2,,"プログラミングをオンラインジャッジしてくれるサービスがあることを初めて知りました。

AOJではヒントが載っていると聞き、ありがたいと思いました。

Pythonは去年LinuxとShellの授業で少し触れただけなので、日々練習することを心掛けたいです!",1
1233,Stella,3,,"今のところCとPythonは書き方が似ていると感じる

AOJの出力例をちゃんと見ることに気を付けたい",1
1234,Stella,4,,"C言語で入れ子をするときは{ }が必要でしたが、Pythonではインデントのみで書くことができて見やすいなと思いました

zoomのアウトブレイクルームによるグループ分けに参加しました

久しぶりに友人と同じ時間に勉強に取り組むことができ、やる気が上がりました",0
1235,Stella,5,,"プログラミング課題の繰り返しのところに入り、難しくなってきたと感じています

皆の進捗状況や#pythonでの質問を見るとかなり進んでいる人が沢山いて焦ってきました

コツコツ頑張ります",1
1236,Stella,6,,"授業の初め、皆の感想に対する先生のコメントが聞けて面白かったです。

今週はリストに取り組む予定です。",1
1237,Stella,7,,"プログラミングを学ぶとき、私はコーディング力で解くことが多いなと感じました。

他の力での解き方も身につけたいので、今書いているものは何の力を使っているか確認することと、他の人たちはどのように書いたかを確認することに努めようと思います。

AOJはリストに入り、かなり進みがゆっくりになってきました。

月3のzoomに参加しつつ、落ち着いて進めていきたいです。",1
1238,Stella,10,,"AOJの文字列のところ(52)~(63)まで終わりました。

下の方を見たら更に文字列の単元(86)~(117)~があったので、取り組もうと思います。

期末レポートの形式がどのようになるのか気になります。",1
1239,Stella,12,,"今週はITP入門からの卒業(63~72)に取り組みました。

ベクトル積と行列積は行列の要素が増えただけで、ベクトル積のコードを少し変えればできると思いましたが、for文を入れ子にするところで結構悩みました。

その後、文字列に慣れようの最初(86サーチエンジン)に取り組もうとしましたが、なかなかゴールが見えそうにないので先に整数と数値計算(73~)に挑戦しようかなと思っています。",1
1240,Stella,13,,(79)素数の数でTime Exceededエラーが出て止まっているところです。Slackにこの問題の質問があったので、それを参考に書き直そうと思います。SlackやZoomで他の人がしている質問にかなり助けられています。,1
1241,Stella,14,,"(86)サーチエンジン

検索エンジンと同じ仕組みを作れたことが嬉しかったです。

(62)バドミントン

コードの書き途中に何回か出力を確認しながら作成する方法が有用だったから。",0
1242,Summer,2,,初めて使うアプリなのでちゃんとできるか心配です。,1
1243,Summer,4,,だんだん楽しくなってきました。,1
1244,Summer,6,,上の回答例を見て、いろんなコードでプログラムを作ることが出来ると改めて実感しました。,-1
1245,Summer,7,,もっと時間を割かないといけないなと思いました。,-1
1246,Summer,8,,今までの小テストで与えられていたソースコードと自分が解いたソースコードが違うことがほとんどでした。また、質問欄にあるソースコードとも違うので、もっとプログラミングの時間をとってより簡単な良いソースコードを考えるようにしようと思いました。,-1
1247,Summer,10,,文字列メソッドの中で、1年のときに扱わなかったものも出てきていたので、練習して使いこなせるようになりたいです。,-1
1248,Valentina,2,,"講義資料、わかりやすかったです。

Python書けるようになりたいので練習頑張ります。",1
1249,Valentina,5,,if文で忘れてしまっている部分が多いのでもう一度きちんと理解して、if文を使いこなせるようになりたいです。,1
1250,Valentina,6,,緊急事態宣言が解除されてバイトが始まったため、なかなかAOJをやる時間が確保できなくなってきていますが、自分のペースで少しずつ進めていきたいと思います。,1
1251,Valentina,7,,だんだん難易度が上がってきて、一問にかける時間が長くなってきて、時々心が折れそうになっていますが、頑張ります。,1
1252,Valentina,8,,だんだん難易度が上がってきて、辛くなってきました。気分転換がてら、最初の問題からもう一度解いてみると、以前よりスラスラ解けるようになっていたので、一応プログラミングは上達してきているのだと思いました。,1
1253,Valentina,9,,"先週から(50)最頻値の問題が分からず、辛いです。

問題とばして(53)まで進めましたが、その次の(54)文字のカウントでまた苦戦しています。心が折れそうになっています。",1
1254,Valentina,10,,前期も残り半分を切って、残された時間が少ないことに気がつき、焦りを感じています。もう少しペースを上げつつ頑張ります。,-1
1255,Victoria,1,,やっぱりプログラミングは楽しいですね。,1
1256,Victoria,3,,"今回は入出力について学びました。

復習になることが多く、懐かしく感じました。",1
1257,Victoria,4,,夢の中までAOJやってました(笑),1
1258,Victoria,5,,"やる気と時間が見合わなくて悲しいです、

マイペースにやろうと思います!",1
1259,Victoria,6,,ほかの教科に追われてAOJができないので、最初にやっておいてよかったと思いました。,-1
1260,Victoria,7,,なんにも関係ないですが、最近バ先の社員さんがプリンを買ってきてくれてそのプリンがめちゃくちゃ美味しいので、幸せな日々を過ごしています。,-1
1261,Victoria,9,,来月からバイトが週4になることに萎えております。,-1
1262,Victoria,10,,文字列って難しいですね。,-1
1263,Violet,1,,AOJを初めて使うのでその登録方法が分かりやすくて良かった。,1
1264,Violet,5,,AOJの問題を一人でするときよりも進めることができたと思います。,1
1265,Violet,6,,特になし。,1
1266,Violet,7,,AOJの問題が難しくなってきた。,1
1267,Violet,8,,AOJをいつもよりも進めることができました。次回までに40問まで解きたいと思います。,1
1268,Violet,10,,AOJは100問以上目指して解いていきたいと思います。,1
1269,Violet,12,,少しずつAOJは解けているのでこの調子で頑張っていきたいと思います。,1
1270,Violet,13,,AOJを解いた数が90問以上になるまであと20問なので頑張りたいです。,1
1271,Violet,14,,印象に残っているのは最大の和の問題です。解くのに時間がかかりました。,1
1272,Vivian,3,,AOJの使い方がはじめは分かりませんでしたが、Slackを見ながらだとよく分かりました。,1
1273,Vivian,5,,map関数はやった覚えがなかったので、新しいことも教科書などをみながら学んでいきたいです,-1
1274,Vivian,6,,先日イミテーション・ゲームを観ました。,-1
1275,Vivian,7,,料理に例えるというのが面白いなと思いました。,-1
1276,Vivian,8,,同じことを表すのに何通りもの書き方があり、簡潔に書くというのは難しいなと思いました。,-1
1277,Vivian,9,,slackを使うのは慣れてきたと思います。,-1
1278,Vivian,10,,文字列はよく使うと思うので、慣れていきたいなと思います。,0
1279,Vivian,13,,オンラインの授業にも慣れてはきましたが、一年生の時のように対面でやりたいなと思いました。,0
1280,Vivian,14,,華氏を摂氏として表示させる問題は実際に使えるなと思いました。,1
1281,Willow,1,,"AOJがんばります。

Zoomは必須ではないという認識で大丈夫ですか",1
1282,Willow,5,,コッホ曲線の考え方が難しくて時間中に解けなかったのでもう少し悩んでみます。,1
1283,Willow,6,,今週は他教科の課題が多くて思うように進められませんでした。,1
1284,Willow,7,,"今週もなかなか時間がとれず進められませんでした。

問題の意味を読み取るのが難しいことが増えてきました。",1
1285,Willow,8,,"目白祭でProcessingを使った研究をやることになったので、なにか知識を生かせるといいなと思っています。

進捗状況のチャンネル助かってます。速い人に追いつけるように進めたいです。",1
1286,Willow,10,,今日でもう半年終わってしまって、時間経つのは早いなと感じました。,-1
1287,Zara,2,,"授業の進め方など、詳しくわかりました。

pythonは非常に苦手なので、頑張りたいと思います。",0
1288,Zara,5,,"pythonはとても苦手で、周りの人たちのスピードが速くて少し焦っています。

頑張って自分も進められるように頑張ります。",1
1289,Zara,6,,朝早い1限ですがしっかり集中して取り組めるように頑張りたいです。,0
1290,Zara,7,,"Pythonをやろうやろうと思いながら、あっという間に1週間過ぎてしまいます。

私は計画的にやることが出来ないので、今週こそは取り組みたいと思います。",1
1291,Zara,8,,"今週、少し頑張って進めたいと思います。。。

周りが、進めていて焦っています!!泣

早く学校に行きたいです。",1
1292,Zara,9,,AOJを久しぶりに土日にやり、進めたのですが、38ぐらいから一気に難しくなって止まってしまいました...。,-1
1293,Zara,10,,今週はもう少し進められるようにしたいと思います。,0
1294,Zoe,2,,特にないです。よろしくお願いします。,1
1295,Zoe,5,,長文のテストケースをpaizaに入れるのが面倒くさいです。,1
1296,Zoe,6,,問題文読み解くのが大変です......。日本語が一番難しい。,1
1297,Zoe,7,,今日は苦戦していた問題が解けたのでよかったです。,1
1298,Zoe,8,,RunTimeエラーが出ると思ったらnumpyのせいでした。いろいろプログラム書き換えてたのに悲しい。,1
1299,Zoe,10,,後期もオンライン授業がいいです。,1
1300,Zoe,12,,チョコの塊が入っているタイプのアイスが好きです。,1
1301,Zoe,13,,前期終わってしまうのが寂しいです,1
1302,Zoe,14,,「島はいくつある?」の問題をちらっと見た後に、別の授業で似たような問題を解く関数の話をしていて、その方法を改良して頑張って解いたのが印象深いです。,1
1303,Zoey,1,,"Pythonを学ぶのはこの授業が初めてですが、具体的に何ができるようになるかという説明があり、学習意欲がわきました。また、slackやAOJを使用するのも初めてですが、どのように使用するかなどの説明が実際の画像と共にされていたので、理解しやすかったです。

遠隔授業になり、従来の授業とは違う不安がありますが、よろしくお願いいたします。",1
1304,Zoey,3,,AOJが楽しいです。,1
1305,Zoey,4,,問題(41) コッホ曲線が難しいです。,1
1306,Zoey,5,,(41)コッホ曲線がわかりませんでした。,1
1307,Zoey,6,,他の授業の課題もあったりでなかなか進められていません。課題のわんこそば状態ですが、がんばります...。,0
1308,Zoey,8,,"問題番号73以降の「整数と数値計算」の範囲になってから躓くことが多くなりました。難しいです。

また、90個以上既に解いている人も多くいますが、評価がA+になるボーダーラインは変わるずそのままでしょうか?",-1
1309,Zoey,10,,サマーインターンへエントリーや他の課題で手一杯でなかなかAOJに取り組めていませんが、頑張ります...。,-1
1310,Zoey,12,,プログラミング課題2020は難易度順になっていると思っていましたが、そうではないことがわかったので、zoomに参加して良かったと思っています。,1
1311,Zoey,13,,"就職活動など社会への不安から人生に行き詰っています。

倉光先生は人生に行き詰ったとき、どのように対処しましたか?

また、奥さんとの出会いはどこですか。",1
1312,Zoey,14,,(38)ICPC 得点集計ソフトウェアは苦戦した気がします。また、(40)コッホ曲線は数学のセンスがないと難しいなと感じています、まだ解いていません。,1
